t,v,omega,slip,brake_cmd,state,dtc,active_faults
0.010000000000000002,27.70733393619094,79.03327304757228,0.14427053974680576,100.0,2,0,
0.02000000000000001,27.612537709101066,67.67956242322627,0.2646866093631175,100.0,2,0,
0.03000000000000002,27.51928138556924,77.0051947764097,0.16053191545048595,0.0,3,0,
0.04000000000000003,27.42607710704932,86.32562262840158,0.05572763150060595,0.0,3,0,
0.05000000000000004,27.33370920679811,74.72907932018944,0.1798140667099393,100.0,2,0,
0.060000000000000046,27.241820257968765,63.08464086978999,0.3052816558614158,100.0,2,0,
0.07000000000000005,27.15203110075546,72.0635565911204,0.20377717242911494,0.0,3,0,
0.08000000000000006,27.05532371682549,81.73429498411716,0.09369820328609954,0.0,3,0,
0.09000000000000007,26.95894929487359,70.53840384597396,0.21504651674921993,100.0,2,0,
0.10000000000000007,26.862428038698056,80.19052946352735,0.10443096192192952,0.0,3,0,
0.11000000000000008,26.79059266602047,87.37406673128626,0.02158864694950042,0.0,3,0,
0.12000000000000009,26.708012710366848,74.7987289633153,0.15981698330237282,100.0,2,0,
0.1300000000000001,26.614567831261436,63.30988354052243,0.28636958591348544,100.0,2,0,
0.1400000000000001,26.52303944201037,72.46272246562948,0.18037988115131706,0.0,3,0,
0.1500000000000001,26.427489009128795,82.01776575378706,0.06894939138422324,0.0,3,0,
0.16000000000000011,26.33292057899481,70.6412754338517,0.19521336167093417,100.0,2,0,
0.17000000000000012,26.24252809756373,58.84719024362628,0.3272691942082045,100.0,2,0,
0.18000000000000013,26.154456171303092,67.65438286969034,0.22398253177305974,0.0,3,0,
0.19000000000000014,26.058252137278835,77.27478627211649,0.11036105723797794,0.0,3,0,
0.20000000000000015,25.984335597456084,84.66644025439186,0.02249060858018399,0.0,3,0,
0.21000000000000016,25.90105568379488,72.16109828717889,0.16419123025560503,100.0,2,0,
0.22000000000000017,25.80811564537657,60.62176879567655,0.2953173765725505,100.0,2,0,
0.23000000000000018,25.717242265509988,69.70910678233457,0.18682058446262956,0.0,3,0,
0.24000000000000019,25.62141845488159,79.29148784517447,0.07157964749527074,0.0,3,0,
0.25000000000000017,25.52654194246566,67.94580575343369,0.20146873901004392,100.0,2,0,
0.2600000000000002,25.430065043672577,77.59349563274189,0.0846248859432418,0.0,3,0,
0.2700000000000002,25.334170742416664,66.34959242500021,0.2143071139023473,100.0,2,0,
0.2800000000000002,25.237692135264336,75.99745314023316,0.09661961878785107,0.0,3,0,
0.2900000000000002,25.1414534103641,64.7879922969235,0.22691829418800608,100.0,2,0,
0.3000000000000002,25.045351143526386,74.39821898069525,0.10883798089700117,0.0,3,0,
0.3100000000000002,24.973580401038728,81.57529322946067,0.020060897322503598,0.0,3,0,
0.32000000000000023,24.89072050762354,69.02794923764627,0.168027909640008,100.0,2,0,
0.33000000000000024,24.79829838913312,57.436827753355175,0.30515198843008595,100.0,2,0,
0.34000000000000025,24.7081113131853,66.45553534813698,0.1931127251396977,0.0,3,0,
0.35000000000000026,24.612181639668822,76.04850269978454,0.07303825626071776,0.0,3,0,
0.36000000000000026,24.517178575909995,64.71547574233333,0.20812084218465612,100.0,2,0,
0.3700000000000003,24.42076455364147,74.35687796918604,0.08655343931770867,0.0,3,0,
0.3800000000000003,24.32487018700107,63.11298129989215,0.22162403151957216,100.0,2,0,
0.3900000000000003,24.228591780875426,72.74082191245647,0.09931840979044883,0.0,3,0,
0.4000000000000003,24.13247497888714,61.519168777951116,0.2352317510105457,100.0,2,0,
0.4100000000000003,24.036721995472657,71.09446711939904,0.11267683921971856,0.0,3,0,
0.4200000000000003,23.96445430811021,78.32123585564385,0.019532410185473914,0.0,3,0,
0.4300000000000003,23.881313151995283,65.80201813380353,0.17338693586488438,100.0,2,0,
0.44000000000000034,23.78955624000612,54.14437599938627,0.31720824735267533,100.0,2,0,
0.45000000000000034,23.70022636062003,63.077363937995536,0.20155998118055082,0.0,3,0,
0.46000000000000035,23.604158354382843,72.68416456171391,0.07621152844598875,0.0,3,0,
0.47000000000000036,23.508934621232434,61.373204543421856,0.21681004861881206,100.0,2,0,
0.48000000000000037,23.41263856762639,71.0028099040261,0.09019895772613297,0.0,3,0,
0.4900000000000004,23.31674459476867,59.75887385646514,0.23112499328221925,100.0,2,0,
0.5000000000000003,23.22078413270356,69.35492006297599,0.10397185986542598,0.0,3,0,
0.5100000000000003,23.15433804507363,75.99952882596956,0.015309416170426108,0.0,3,0,
0.5200000000000004,23.07229325613809,63.37067438619042,0.17601592070612926,100.0,2,0,
0.5300000000000004,22.98094391427577,51.67227523908873,0.32545492345521254,100.0,2,0,
0.5400000000000004,22.89216069267347,60.55059739931846,0.20648909189208964,0.0,3,0,
0.5500000000000004,22.79612863972637,70.15380269402868,0.0767668870085289,0.0,3,0,
0.5600000000000004,22.700927818440324,58.840551489299905,0.2224033489745367,100.0,2,0,
0.5700000000000004,22.604767377668608,68.45659556647108,0.0914757791212692,0.0,3,0,
0.5800000000000004,22.508964091363367,57.20359086366273,0.2375892027086453,100.0,2,0,
0.5900000000000004,22.413254866657375,66.77451333426141,0.1062273587903045,0.0,3,0,
0.6000000000000004,22.346946525191512,73.40534748084717,0.014558690627849659,0.0,3,0,
0.6100000000000004,22.264755008568123,60.79116580985247,0.18088702364173875,100.0,2,0,
0.6200000000000004,22.174014329631895,49.0319003701417,0.3366302604312108,100.0,2,0,
0.6300000000000004,22.086004694498083,57.83286388352314,0.2144410270192951,0.0,3,0,
0.6400000000000005,21.989965482819425,67.43678505138874,0.07998784576433467,0.0,3,0,
0.6500000000000005,21.89465154341127,56.13484565887088,0.23084166631877548,100.0,2,0,
0.6600000000000005,21.798710668975648,65.72893310243349,0.0954198975265975,0.0,3,0,
0.6700000000000005,21.703006549377655,54.4660117288994,0.24711797503750124,100.0,2,0,
0.6800000000000005,21.607724704351053,63.994196231559954,0.11150946561244761,0.0,3,0,
0.6900000000000005,21.540100631694237,70.75660349724119,0.014536588657397249,0.0,3,0,
0.7000000000000005,21.457514886319807,58.181844701350606,0.18655289287328905,100.0,2,0,
0.7100000000000005,21.367461691143124,46.35383088568585,0.3491903967484404,100.0,2,0,
0.7200000000000005,21.280310758743678,55.06892412562996,0.22366372253746553,0.0,3,0,
0.7300000000000005,21.184347320576304,64.66526794236749,0.08424932384546568,0.0,3,0,
0.7400000000000005,21.08896132609759,53.37053405690476,0.24078004746219447,100.0,2,0,
0.7500000000000006,20.99335755425281,62.93091124138263,0.10070252823421051,0.0,3,0,
0.7600000000000006,20.93254105347258,69.01256131940538,0.010929043782432505,0.0,3,0,
0.7700000000000006,20.850859391119975,56.34739422133204,0.18927954242505574,100.0,2,0,
0.7800000000000006,20.76120125009437,44.47987499055984,0.35726443106911754,100.0,2,0,
0.7900000000000006,20.674564196329403,53.143580367056856,0.2288556141392515,0.0,3,0,
0.8000000000000006,20.578713747701723,62.72862522982419,0.08553139911142617,0.0,3,0,
0.8100000000000006,20.483394099030807,51.42725676358208,0.24679587013342563,100.0,2,0,
0.8200000000000006,20.388028348610824,60.96383180558051,0.10294662980884477,0.0,3,0,
0.8300000000000006,20.327175490789415,67.04911758772151,0.010451044443888583,0.0,3,0,
0.8400000000000006,20.245336504122566,54.399682921073214,0.19389312827678934,100.0,2,0,
0.8500000000000006,20.156237059574448,42.47629404255149,0.3677942874405506,100.0,2,0,
0.8600000000000007,20.07028936897207,51.07106310278956,0.23661693913974835,0.0,3,0,
0.8700000000000007,19.974610895729896,60.63891042700638,0.0892602002079115,0.0,3,0,
0.8800000000000007,19.879335954095687,49.33307125709378,0.2555122861596922,100.0,2,0,
0.8900000000000007,19.784362344301535,58.830432236508805,0.10792527129204664,0.0,3,0,
0.9000000000000007,19.72214378434172,65.05228823248987,0.010468299838614746,0.0,3,0,
0.9100000000000007,19.639991536357222,52.43417969760654,0.19907022973190291,100.0,2,0,
0.9200000000000007,19.55150151026553,40.449848973442165,0.37933387440032773,100.0,2,0,
0.9300000000000007,19.46629451891821,48.97054810817422,0.24530246790550006,0.0,3,0,
0.9400000000000007,19.370873743077727,58.51262569222319,0.09380506318462352,0.0,3,0,
0.9500000000000007,19.275712512103148,47.19541545634796,0.2654681569869732,100.0,2,0,
0.9600000000000007,19.181249922495525,56.641674417110465,0.11410870543923476,0.0,3,0,
0.9700000000000008,19.117219196712583,63.04474699540523,0.010660289867161159,0.0,3,0,
0.9800000000000008,19.034712491809515,50.46208415237806,0.20468327261431205,100.0,2,0,
0.9900000000000008,18.940918346949694,59.84149863836046,0.05218694982657701,0.0,3,0,
1.0000000000000007,18.8486520466673,48.23479533326602,0.23228257574321462,100.0,2,0,
1.0099999999999996,18.839471760301993,49.15282396979672,0.2172897744399049,0.0,3,0,ice_patch
1.0199999999999985,18.830498014086977,50.0501985912975,0.2026201555499712,0.0,3,0,ice_patch
1.0299999999999974,18.82176717087294,50.923282912700955,0.18833419119902167,0.0,3,0,ice_patch
1.0399999999999963,18.81331591446877,51.76840855311768,0.17449307519514765,0.0,3,0,ice_patch
1.0499999999999952,18.805179868273658,52.58201317262916,0.16115644400710116,0.0,3,0,ice_patch
1.059999999999994,18.79739207028987,53.36079297100769,0.14837984804264134,0.0,3,0,ice_patch
1.069999999999993,18.789981451546144,54.1018548453798,0.13621221524524713,0.0,3,0,ice_patch
1.0799999999999919,18.782971488269425,54.80285117305179,0.12469358950028832,0.0,3,0,ice_patch
1.0899999999999908,18.776379187804643,55.46208121952972,0.11385341127613197,0.0,3,0,ice_patch
1.0999999999999897,18.77021452292293,56.078547707701624,0.10370953449866631,0.0,3,0,ice_patch
1.1099999999999886,18.764480359346262,56.65196406536838,0.09426805889962696,0.0,3,0,ice_patch
1.1199999999999875,18.75582423934901,36.68424273175984,0.4132343810068712,100.0,2,0,ice_patch
1.1299999999999863,18.746074310688712,37.65923559778969,0.3973260485319266,0.0,3,0,ice_patch
1.1399999999999852,18.73629658060558,38.63700860610326,0.3813557267326124,0.0,3,0,ice_patch
1.1499999999999841,18.72649878822279,39.61678784438202,0.3653359078105312,0.0,3,0,ice_patch
1.159999999999983,18.716690429719993,40.59762369466169,0.3492820136053983,0.0,3,0,ice_patch
1.169999999999982,18.706883038964737,41.57836277018721,0.33321287116218246,0.0,3,0,ice_patch
1.1799999999999808,18.697090484686207,42.55761819804075,0.31715121826739673,0.0,3,0,ice_patch
1.1899999999999797,18.68732927071189,43.533739595472355,0.3011242168718856,0.0,3,0,ice_patch
1.1999999999999786,18.677618817925648,44.50478487409656,0.2851639391304492,0.0,3,0,ice_patch
1.2099999999999775,18.667981696935076,45.46849697315385,0.26930777448824744,0.0,3,0,ice_patch
1.2199999999999764,18.658443769705325,46.422289696129056,0.25359868804006575,0.0,3,0,ice_patch
1.2299999999999753,18.649034188334653,47.36324783319643,0.2380852431035314,0.0,3,0,ice_patch
1.2399999999999742,18.63978519266237,48.28814740042455,0.2228212894947945,0.0,3,0,ice_patch
1.2499999999999731,18.630731649664078,49.193501700253755,0.20786522034725236,0.0,3,0,ice_patch
1.259999999999972,18.621910291274244,50.075637539236766,0.19327872238702154,0.0,3,0,ice_patch
1.269999999999971,18.613358636966737,50.93080296998744,0.1791249935596706,0.0,3,0,ice_patch
1.2799999999999698,18.605113633190125,51.755303347648585,0.16546647817316726,0.0,3,0,ice_patch
1.2899999999999687,18.597210097763472,52.54565689031364,0.1523622637897791,0.0,3,0,ice_patch
1.2999999999999676,18.58967911111395,53.29875555526588,0.13986537524360648,0.0,3,0,ice_patch
1.3099999999999665,18.582546531208344,54.01201354582713,0.1280202615645227,0.0,3,0,ice_patch
1.3199999999999654,18.57583181054648,54.68348561201336,0.11686077636157344,0.0,3,0,ice_patch
1.3299999999999643,18.569547256057973,55.31194106086376,0.10640889142594598,0.0,3,0,ice_patch
1.3399999999999632,18.563697803759183,55.89688629074224,0.09667426907655742,0.0,3,0,ice_patch
1.3499999999999621,18.55499575714481,35.93375761884602,0.419017528931377,100.0,2,0,ice_patch
1.359999999999961,18.545257429503256,36.907590383001164,0.4029591038576958,0.0,3,0,ice_patch
1.36999999999996,18.535488602129636,37.884473120362344,0.38683343179834595,0.0,3,0,ice_patch
1.3799999999999588,18.52569662309984,38.86367102334167,0.37065247562865344,0.0,3,0,ice_patch
1.3899999999999577,18.515890562321484,39.844277101177134,0.3544310985139857,0.0,3,0,ice_patch
1.3999999999999566,18.506081496844747,40.82518364885085,0.33818755219772256,0.0,3,0,ice_patch
1.4099999999999555,18.49628281686825,41.80505164650163,0.3219440025801902,0.0,3,0,ice_patch
1.4199999999999544,18.48651054032202,42.78227930112452,0.3057270725947513,0.0,3,0,ice_patch
1.4299999999999533,18.476783616099578,43.75497172336865,0.28956836916285883,0.0,3,0,ice_patch
1.4399999999999522,18.467124186130665,44.72091472025963,0.27350494419949306,0.0,3,0,ice_patch
1.449999999999951,18.457557765113517,45.67755682197443,0.2575796201763613,0.0,3,0,ice_patch
1.45999999999995,18.448113285392477,46.62200479407873,0.2418410911809371,0.0,3,0,ice_patch
1.469999999999949,18.438822946017353,47.551038731590964,0.22634369551455077,0.0,3,0,ice_patch
1.4799999999999478,18.42972180370189,48.461152963137,0.21114675284893064,0.0,3,0,ice_patch
1.4899999999999467,18.420847054329133,49.34862790041299,0.19631337655319003,0.0,3,0,ice_patch
1.4999999999999456,18.412236981298594,50.209635203467585,0.181908717754408,0.0,3,0,ice_patch
1.5099999999999445,18.403929592642996,51.04037406902772,0.1679976744298479,0.0,3,0,ice_patch
1.5199999999999434,18.39596102770225,51.8372305631025,0.15464219860476777,0.0,3,0,ice_patch
1.5299999999999423,18.388363874010576,52.59694593226987,0.1418984370881128,0.0,3,0,ice_patch
1.5399999999999412,18.381165578205025,53.31677551282542,0.12981401610280313,0.0,3,0,ice_patch
1.54999999999994,18.374387144028628,53.99461893046541,0.11842579825015657,0.0,3,0,ice_patch
1.559999999999939,18.368042277356277,54.62910559770082,0.10775838644960445,0.0,3,0,ice_patch
1.569999999999938,18.362137068338097,55.219626499519336,0.09782353283810176,0.0,3,0,ice_patch
1.5799999999999368,18.35340911988812,35.25908801118402,0.42366421767970236,100.0,2,0,ice_patch
1.5899999999999357,18.343680633037593,36.23193669623627,0.40744819830245005,0.0,3,0,ice_patch
1.5999999999999346,18.333919506930332,37.20804930696219,0.3911604778307663,0.0,3,0,ice_patch
1.6099999999999335,18.32413281976011,38.18671802398458,0.374812684459392,0.0,3,0,ice_patch
1.6199999999999324,18.314329355237756,39.16706447621999,0.358419349409289,0.0,3,0,ice_patch
1.6299999999999313,18.304519893815492,40.14801061844613,0.34199841047984797,0.0,3,0,ice_patch
1.6399999999999302,18.294717527990937,41.128247200901704,0.3255717590942504,0.0,3,0,ice_patch
1.649999999999929,18.284937990472486,42.10620095274678,0.30916581218891925,0.0,3,0,ice_patch
1.659999999999928,18.27519997611406,43.08000238858931,0.29281207683261246,0.0,3,0,ice_patch
1.6699999999999269,18.26552542835249,44.04745716474641,0.27654765797690944,0.0,3,0,ice_patch
1.6799999999999258,18.25593974886092,45.006025113903405,0.2604156389695871,0.0,3,0,ice_patch
1.6899999999999247,18.24647187668941,45.95281233105502,0.24446524278874598,0.0,3,0,ice_patch
1.6999999999999236,18.237154173110433,46.88458268895275,0.22875166414810716,0.0,3,0,ice_patch
1.7099999999999225,18.228022045117118,47.79779548828466,0.21333545620071334,0.0,3,0,ice_patch
1.7199999999999214,18.219113249586716,48.688675041324714,0.19828137010297406,0.0,3,0,ice_patch
1.7299999999999203,18.210466846742122,49.55331532578381,0.183656590308958,0.0,3,0,ice_patch
1.7399999999999192,18.202121817915867,50.38781820840954,0.16952838719910976,0.0,3,0,ice_patch
1.749999999999918,18.1941154246876,51.18845753123561,0.15596131491320572,0.0,3,0,ice_patch
1.759999999999917,18.18648145191978,51.95185480801795,0.1430141952631436,0.0,3,0,ice_patch
1.7699999999999159,18.179248527052916,52.67514729470417,0.13073721584832526,0.0,3,0,ice_patch
1.7799999999999148,18.172438722796894,53.356127720306574,0.11916949836722945,0.0,3,0,ice_patch
1.7899999999999137,18.166066619225365,53.993338077459484,0.1083374423995943,0.0,3,0,ice_patch
1.7999999999999126,18.16013892887363,54.58610711263386,0.09825402779526757,0.0,3,0,ice_patch
1.8099999999999115,18.151396047814764,34.627061885186905,0.427695889716059,100.0,2,0,ice_patch
1.8199999999999104,18.141676446640755,35.59902200258752,0.4113164440900506,0.0,3,0,ice_patch
1.8299999999999093,18.131922357939267,36.57443087273655,0.39486122622753195,0.0,3,0,ice_patch
1.8399999999999082,18.12214065406921,37.55260125974196,0.37834163231743095,0.0,3,0,ice_patch
1.849999999999907,18.11233990697016,38.53267596964735,0.3617719825120081,0.0,3,0,ice_patch
1.859999999999906,18.10253068617658,39.513598049005374,0.3451700416807688,0.0,3,0,ice_patch
1.8699999999999048,18.09272588397427,40.49407826923622,0.32855758946023617,0.0,3,0,ice_patch
1.8799999999999037,18.082941057150386,41.47256095162491,0.31196102192858016,0.0,3,0,ice_patch
1.8899999999999026,18.07319476678035,42.44718998862837,0.2954119533977093,0.0,3,0,ice_patch
1.8999999999999015,18.063508886960534,43.41577797060954,0.27894776852657915,0.0,3,0,ice_patch
1.9099999999999004,18.053908840690443,44.37578259761845,0.26261205278266975,0.0,3,0,ice_patch
1.9199999999998993,18.044423707578964,45.32429590876659,0.24645480548548176,0.0,3,0,ice_patch
1.9299999999998982,18.035086136518046,46.258053014858405,0.23053231909117058,0.0,3,0,ice_patch
1.9399999999998971,18.02593199151971,47.1734675146922,0.21490659894503766,0.0,3,0,ice_patch
1.949999999999896,18.016999666557027,48.06670001096085,0.19964420990390916,0.0,3,0,ice_patch
1.959999999999895,18.008329031434908,48.933763523173056,0.18481448049251908,0.0,3,0,ice_patch
1.9699999999998938,17.999960018459145,49.77066482074944,0.17048707714279746,0.0,3,0,ice_patch
1.9799999999998927,17.991930925417115,50.573574124952366,0.15672907480696277,0.0,3,0,ice_patch
1.9899999999998916,17.98427658148018,51.33900851864503,0.1436017742601974,0.0,3,0,ice_patch
1.9999999999998905,17.977026578596984,52.06400880696483,0.13115761531524378,0.0,3,0,ice_patch
2.0099999999998897,17.97020379003208,52.74628766345524,0.11943757099661012,0.0,3,0,ice_patch
2.0199999999998886,17.963823367022318,53.3843299644316,0.10846935743478227,0.0,3,0,ice_patch
2.0299999999998875,17.957892328101615,53.97743385650155,0.09826666397758158,0.0,3,0,ice_patch
2.0399999999998863,17.949140708083178,34.01926252501198,0.431405718887281,100.0,2,0,ice_patch
2.0499999999998852,17.93942955414814,34.99037791851603,0.4148580174263369,0.0,3,0,ice_patch
2.059999999999884,17.929682218010267,35.96511153230334,0.3982306362991211,0.0,3,0,ice_patch
2.069999999999883,17.919905399767817,36.94279335654925,0.3815347927501686,0.0,3,0,ice_patch
2.079999999999882,17.910107498777645,37.92258345556617,0.36478465930780657,0.0,3,0,ice_patch
2.089999999999881,17.90029891904905,38.903441428425865,0.34799790320217844,0.0,3,0,ice_patch
2.0999999999998797,17.8904924047319,39.88409286014066,0.3311962808314049,0.0,3,0,ice_patch
2.1099999999998786,17.880703395714402,40.862993761890344,0.3144062704208112,0.0,3,0,ice_patch
2.1199999999998775,17.87095038516151,41.83829481717903,0.29765971173109074,0.0,3,0,ice_patch
2.1299999999998764,17.861255249884707,42.807808344859396,0.28099440247679597,0.0,3,0,ice_patch
2.1399999999998753,17.851643510999843,43.76898223334633,0.2644545774223525,0.0,3,0,ice_patch
2.1499999999998742,17.842144467686648,44.71888656466564,0.24809117011150836,0.0,3,0,ice_patch
2.159999999999873,17.83279113386793,45.65421994653732,0.2319617338000819,0.0,3,0,ice_patch
2.169999999999872,17.823619901088158,46.57134322451393,0.2161298857982713,0.0,3,0,ice_patch
2.179999999999871,17.814669857292667,47.4663476040633,0.2006641495301301,0.0,3,0,ice_patch
2.18999999999987,17.80598171728879,48.335161604451436,0.18563611310147177,0.0,3,0,ice_patch
2.1999999999998687,17.797596370229495,49.17369631038075,0.17111790905706445,0.0,3,0,ice_patch
2.2099999999998676,17.789553119350582,49.97802139827243,0.15717914222518298,0.0,3,0,ice_patch
2.2199999999998665,17.781887766240114,50.74455670931946,0.1438835284013978,0.0,3,0,ice_patch
2.2299999999998654,17.774630753927493,51.470257940581334,0.13128561735311833,0.0,3,0,ice_patch
2.2399999999998643,17.767805605877278,52.152772745602874,0.11942801656353697,0.0,3,0,ice_patch
2.249999999999863,17.76142786668218,52.79054666511304,0.1083394804512256,0.0,3,0,ice_patch
2.259999999999862,17.75550466862636,53.38286647069477,0.09803408914045772,0.0,3,0,ice_patch
2.269999999999861,17.746747865446103,33.42521345538691,0.43496328946328855,100.0,2,0,ice_patch
2.27999999999986,17.73704504716246,34.3954952837513,0.4182430862813788,0.0,3,0,ice_patch
2.289999999999859,17.72730443149773,35.36955685022523,0.4014393391803963,0.0,3,0,ice_patch
2.2999999999998577,17.717532562867287,36.346743713269106,0.384563111410131,0.0,3,0,ice_patch
2.3099999999998566,17.70773768747117,37.32623125288097,0.36762845861517546,0.0,3,0,ice_patch
2.3199999999998555,17.697930066451473,38.30699335485045,0.35065298804407813,0.0,3,0,ice_patch
2.3299999999998544,17.68812232209445,39.287767790553026,0.3336584786931591,0.0,3,0,ice_patch
2.3399999999998533,17.678329807620482,40.26701923794953,0.3166715463031147,0.0,3,0,ice_patch
2.349999999999852,17.668570982723605,41.242901727637204,0.2997243223354396,0.0,3,0,ice_patch
2.359999999999851,17.658867765644132,42.213223435584155,0.2828550958791717,0.0,3,0,ice_patch
2.36999999999985,17.649245818354025,43.17541816459528,0.26610884211784697,0.0,3,0,ice_patch
2.379999999999849,17.639734705628015,44.126529437196766,0.2495375326174597,0.0,3,0,ice_patch
2.389999999999848,17.630367854267302,45.063214573267494,0.23320009634920458,0.0,3,0,ice_patch
2.3999999999998467,17.621182230593355,45.981776940661945,0.21716188495860744,0.0,3,0,ice_patch
2.4099999999998456,17.61221765957337,46.87823404266043,0.20149350384880527,0.0,3,0,ice_patch
2.4199999999998445,17.603515735077895,47.74842649220754,0.18626891563948847,0.0,3,0,ice_patch
2.4299999999998434,17.59511832246182,48.588167753815235,0.17156281310502103,0.0,3,0,ice_patch
2.4399999999998423,17.58706572913913,49.393427086083534,0.15744739036974154,0.0,3,0,ice_patch
2.449999999999841,17.579394702262597,50.160529773737,0.14398878988795394,0.0,3,0,ice_patch
2.45999999999984,17.57213648089398,50.8863519105988,0.13124362596556688,0.0,3,0,ice_patch
2.469999999999839,17.56531515633164,51.5684843668323,0.11925603541060649,0.0,3,0,ice_patch
2.479999999999838,17.558946561631185,52.20534383687765,0.10805565151122776,0.0,3,0,ice_patch
2.489999999999837,17.55303782350937,52.79621764905908,0.09765674443518818,0.0,3,0,ice_patch
2.4999999999998357,17.544277896738397,32.83887699282283,0.4384685903955989,100.0,2,0,ice_patch
2.5099999999998346,17.534583509566843,33.80831570997782,0.42157196334548724,0.0,3,0,ice_patch
2.5199999999998335,17.524849748526226,34.781691814039135,0.4045879026672258,0.0,3,0,ice_patch
2.5299999999998324,17.51508300919267,35.758365747394954,0.38752732610012597,0.0,3,0,ice_patch
2.5399999999998313,17.505291392649333,36.73752740172817,0.37040418389456803,0.0,3,0,ice_patch
2.54999999999983,17.495485026648037,37.718164001857275,0.3532360387081471,0.0,3,0,ice_patch
2.559999999999829,17.485676422821008,38.69902438456052,0.33604471256164686,0.0,3,0,ice_patch
2.569999999999828,17.47588086102123,39.678580564537626,0.3188569855776825,0.0,3,0,ice_patch
2.579999999999827,17.466116783281482,40.6549883385126,0.30170531590466454,0.0,3,0,ice_patch
2.5899999999998258,17.456406168046673,41.62604986199371,0.28462852901208213,0.0,3,0,ice_patch
2.5999999999998247,17.44677484032284,42.5891826343769,0.26767239749185384,0.0,3,0,ice_patch
2.6099999999998236,17.43725265635647,43.54140103101368,0.2508900016114403,0.0,3,0,ice_patch
2.6199999999998225,17.427873485359278,44.47931813073225,0.23434173134034594,0.0,3,0,ice_patch
2.6299999999998214,17.418674900946602,45.399176572000314,0.21809477190139523,0.0,3,0,ice_patch
2.6399999999998203,17.409697498972864,46.29691676937413,0.2022219207638924,0.0,3,0,ice_patch
2.649999999999819,17.400983784696177,47.168288197043076,0.18679962959577046,0.0,3,0,ice_patch
2.659999999999818,17.392576626252186,48.0090040414421,0.17190526039176213,0.0,3,0,ice_patch
2.669999999999817,17.384517350909228,48.814931575737845,0.15761368710328727,0.0,3,0,ice_patch
2.679999999999816,17.37684365094117,49.58230157254366,0.14399353699902498,0.0,3,0,ice_patch
2.6899999999998148,17.369587540906256,50.307912576034674,0.13110350275922797,0.0,3,0,ice_patch
2.6999999999998137,17.362773637897106,50.9893028769498,0.11898921323853578,0.0,3,0,ice_patch
2.7099999999998126,17.356418001826203,51.62486648403985,0.10768109274722475,0.0,3,0,ice_patch
2.7199999999998115,17.35052767781385,52.2138988852749,0.09719347120420604,0.0,3,0,ice_patch
2.7299999999998104,17.341765826240238,32.25675070930263,0.44198155425739566,100.0,2,0,ice_patch
2.7399999999998093,17.332080098339922,33.22532349933432,0.42490474350190666,0.0,3,0,ice_patch
2.749999999999808,17.32235343614877,34.19798971844922,0.4077365438044249,0.0,3,0,ice_patch
2.759999999999807,17.312592087581212,35.174124575205184,0.3904877259754212,0.0,3,0,ice_patch
2.769999999999806,17.302804009968295,36.152932336496896,0.37317213471870436,0.0,3,0,ice_patch
2.779999999999805,17.29299919936215,37.13341339711102,0.3558072899497848,0.0,3,0,ice_patch
2.7899999999998037,17.28319005898253,38.11432743507354,0.3384150616003117,0.0,3,0,ice_patch
2.7999999999998026,17.27339179845236,39.09415348809084,0.32102240351671607,0.0,3,0,ice_patch
2.8099999999998015,17.263622846674785,40.07104866584813,0.30366211620118244,0.0,3,0,ice_patch
2.8199999999998004,17.25390524890041,41.04280844328557,0.2863735858425229,0.0,3,0,ice_patch
2.8299999999997993,17.2442650026817,42.00683306515655,0.2692034182038384,0.0,3,0,ice_patch
2.8399999999997982,17.234732269094348,42.96010642389199,0.25220585234859355,0.0,3,0,ice_patch
2.849999999999797,17.225341377810988,43.89919555222786,0.23544280622309602,0.0,3,0,ice_patch
2.859999999999796,17.216130532935892,44.82028003973741,0.21898338385633492,0.0,3,0,ice_patch
2.869999999999795,17.207141129175874,45.71922041573935,0.20290267733866643,0.0,3,0,ice_patch
2.879999999999794,17.19841661425167,46.591671908159476,0.18727974289998178,0.0,3,0,ice_patch
2.8899999999997927,17.19000089002184,47.43324433114221,0.17219473167086116,0.0,3,0,ice_patch
2.8999999999997916,17.18193632970937,48.2397003623891,0.15772530924274936,0.0,3,0,ice_patch
2.9099999999997905,17.17426158651297,49.00717468202927,0.14394267662986726,0.0,3,0,ice_patch
2.9199999999997894,17.16700945107212,49.73238822611459,0.13090765690103323,0.0,3,0,ice_patch
2.9299999999997883,17.160205048712875,50.41282846203849,0.11866737631168735,0.0,3,0,ice_patch
2.9399999999997872,17.153864630627748,51.046870270551366,0.10725300619298467,0.0,3,0,ice_patch
2.949999999999786,17.14799511009572,51.63382232375447,0.09667884801257824,0.0,3,0,ice_patch
2.959999999999785,17.139232034121452,31.6767965878481,0.4455388107567826,100.0,2,0,ice_patch
2.969999999999784,17.12955528065621,32.64447193437241,0.4282781181499211,0.0,3,0,ice_patch
2.979999999999783,17.119836036102576,33.61639638973603,0.4109219915626776,0.0,3,0,ice_patch
2.9899999999997817,17.110080398556523,34.59196014434145,0.39348104733757233,0.0,3,0,ice_patch
2.9999999999997806,17.100296178994846,35.57038210050915,0.375969017234882,0.0,3,0,ice_patch
3.0099999999997795,17.090493238786742,36.55067612131954,0.3584033717932482,0.0,3,0,ice_patch
3.0199999999997784,17.08068386954211,37.53161304578331,0.3408060239430664,0.0,3,0,ice_patch
3.0299999999997773,17.070883207562858,38.511679243708045,0.32320409948127926,0.0,3,0,ice_patch
3.039999999999776,17.06110966617056,39.489033382938125,0.3056307446184722,0.0,3,0,ice_patch
3.049999999999775,17.051385356407454,40.46146435924837,0.2881259173927936,0.0,3,0,ice_patch
3.059999999999774,17.041736449888287,41.42635501116458,0.2707370789418092,0.0,3,0,ice_patch
3.069999999999773,17.032193417907987,42.3806582091948,0.2535196641560869,0.0,3,0,ice_patch
3.079999999999772,17.02279106130209,43.32089386978433,0.23653717453657097,0.0,3,0,ice_patch
3.0899999999997707,17.013568231884893,44.24317681150371,0.2198607098435439,0.0,3,0,ice_patch
3.0999999999997696,17.004567147435534,45.143285256439874,0.20356775567942725,0.0,3,0,ice_patch
3.1099999999997685,16.99583222852062,46.016777147931904,0.1877400907021537,0.0,3,0,ice_patch
3.1199999999997674,16.98740844464295,46.85915553569916,0.1724607843203465,0.0,3,0,ice_patch
3.1299999999997663,16.979339247962816,47.66607520371228,0.157810421696511,0.0,3,0,ice_patch
3.139999999999765,16.97166427892747,48.433572107247,0.14386288855506799,0.0,3,0,ice_patch
3.149999999999764,16.96441711825039,49.15828817495547,0.13068121647272896,0.0,3,0,ice_patch
3.159999999999763,16.957623397140136,49.83766028598032,0.11831406231632689,0.0,3,0,ice_patch
3.169999999999762,16.9512995383074,50.470046169253486,0.10679332775875856,0.0,3,0,ice_patch
3.179999999999761,16.945452288274915,51.05477117250199,0.09613322257863192,0.0,3,0,ice_patch
3.1899999999997597,16.93668839936208,31.09782673045204,0.44916339020047147,100.0,2,0,ice_patch
3.1999999999997586,16.92702099465666,32.06456720099399,0.4317151161249971,0.0,3,0,ice_patch
3.2099999999997575,16.917309539035244,33.035712763136644,0.4141672583295311,0.0,3,0,ice_patch
3.2199999999997564,16.907559976638126,34.01066900284908,0.396530267232356,0.0,3,0,ice_patch
3.2299999999997553,16.8977799670956,34.98866995710171,0.3788177495759714,0.0,3,0,ice_patch
3.239999999999754,16.887979231253585,35.96874354130361,0.36104711436277026,0.0,3,0,ice_patch
3.249999999999753,16.878169942541327,36.949672412529694,0.34324030617682794,0.0,3,0,ice_patch
3.259999999999752,16.8683671569297,37.92995097369257,0.325424613642396,0.0,3,0,ice_patch
3.269999999999751,16.858589265250355,38.90774014162736,0.30763352384723586,0.0,3,0,ice_patch
3.27999999999975,16.848858438399727,39.88082282669027,0.28990756900540365,0.0,3,0,ice_patch
3.2899999999997487,16.8392010183407,40.84656483259316,0.27229507882046594,0.0,3,0,ice_patch
3.2999999999997476,16.829647786720177,41.80188799464543,0.25485271246799035,0.0,3,0,ice_patch
3.3099999999997465,16.820234021369526,42.74326452971095,0.23764560334760307,0.0,3,0,ice_patch
3.3199999999997454,16.81099923509589,43.66674315707458,0.22074691909010422,0.0,3,0,ice_patch
3.3299999999997443,16.80198649058017,44.568017608646095,0.20423663653760327,0.0,3,0,ice_patch
3.339999999999743,16.79324121136102,45.44254553056145,0.18819937809590015,0.0,3,0,ice_patch
3.349999999999742,16.784809470792098,46.28571958745397,0.17272126916905034,0.0,3,0,ice_patch
3.359999999999741,16.77673583787136,47.093082879527635,0.15788595586238618,0.0,3,0,ice_patch
3.36999999999974,16.7690609738647,47.860569280193495,0.14377013677534645,0.0,3,0,ice_patch
3.3799999999997388,16.76181927247217,48.58473941944697,0.13043914930098235,0.0,3,0,ice_patch
3.3899999999997377,16.75503687817706,49.26297884895778,0.11794323330100176,0.0,3,0,ice_patch
3.3999999999997366,16.74873037517483,49.89362914918039,0.10631502152903496,0.0,3,0,ice_patch
3.4099999999997355,16.74290631737053,50.476034929610044,0.09556858338432202,0.0,3,0,ice_patch
3.4199999999997344,16.73414185988156,30.519147345173902,0.45287040828175623,100.0,2,0,ice_patch
3.4299999999997333,16.72448422062292,31.48491127103835,0.43523081150303483,0.0,3,0,ice_patch
3.439999999999732,16.714780964259575,32.455236907372914,0.4174873668383018,0.0,3,0,ice_patch
3.449999999999731,16.705037875650707,33.42954576825932,0.39965034469656097,0.0,3,0,ice_patch
3.45999999999973,16.69526245662224,34.40708767110637,0.3817332115532212,0.0,3,0,ice_patch
3.469999999999729,16.685464279866313,35.386905346698484,0.36375329892261155,0.0,3,0,ice_patch
3.4799999999997278,16.675655391902044,36.36779414312428,0.3457325672347779,0.0,3,0,ice_patch
3.4899999999997267,16.665850758799568,37.348257453371914,0.3276984536720629,0.0,3,0,ice_patch
3.4999999999997256,16.656068739024743,38.32645943085462,0.30968477559671626,0.0,3,0,ice_patch
3.5099999999997245,16.646331554053337,39.30017792799485,0.2917326354990442,0.0,3,0,ice_patch
3.5199999999997234,16.636665708882592,40.266762445069325,0.273891238490711,0.0,3,0,ice_patch
3.5299999999997222,16.627102291984666,41.22310413486194,0.2562184905532073,0.0,3,0,ice_patch
3.539999999999721,16.61767706061485,42.16562727184327,0.23878120056059474,0.0,3,0,ice_patch
3.54999999999972,16.608430199126932,43.090313420634835,0.22165467348804588,0.0,3,0,ice_patch
3.559999999999719,16.599405635362228,43.99276979710563,0.20492147556079107,0.0,3,0,ice_patch
3.569999999999718,16.590649825995076,44.86835073382038,0.18866919853521913,0.0,3,0,ice_patch
3.5799999999997167,16.58220998636974,45.712334696354056,0.17298716997441135,0.0,3,0,ice_patch
3.5899999999997156,16.57413184405121,46.52014892820717,0.15796225046494622,0.0,3,0,ice_patch
3.5999999999997145,16.5664571200779,47.28762132553782,0.1436740942957489,0.0,3,0,ice_patch
3.6099999999997134,16.55922105036792,48.011228296535364,0.13019045731981527,0.0,3,0,ice_patch
3.6199999999997123,16.552450306598306,48.688302673496494,0.11756322891805576,0.0,3,0,ice_patch
3.6299999999997112,16.546161630518682,49.31717028145891,0.1058257851688906,0.0,3,0,ice_patch
3.63999999999971,16.54036136283653,49.89719704967413,0.09499201459192566,0.0,3,0,ice_patch
3.649999999999709,16.531596485088965,29.940351491096962,0.45667041562315563,100.0,2,0,ice_patch
3.659999999999708,16.521949060328687,30.905093967125023,0.4388356872253268,0.0,3,0,ice_patch
3.669999999999707,16.51225444450958,31.874555549035318,0.4208927256513942,0.0,3,0,ice_patch
3.6799999999997057,16.502518257162443,32.84817428374877,0.4028516053392282,0.0,3,0,ice_patch
3.6899999999997046,16.492747834930054,33.82521650698738,0.3847256349481893,0.0,3,0,ice_patch
3.6999999999997035,16.48295259355916,34.80474064407731,0.36653204976739057,0.0,3,0,ice_patch
3.7099999999997024,16.47314444248615,35.78555575137837,0.34829280694431464,0.0,3,0,ice_patch
3.7199999999997013,16.463338246550634,36.76617534492958,0.3300354740758712,0.0,3,0,ice_patch
3.7299999999997,16.453552319882583,37.744768011735374,0.3117941838105499,0.0,3,0,ice_patch
3.739999999999699,16.443808922851435,38.7191077148499,0.2936106002598366,0.0,3,0,ice_patch
3.749999999999698,16.434134713522646,39.686528647728885,0.27553480594740537,0.0,3,0,ice_patch
3.759999999999697,16.42456108092984,40.643891907009454,0.2576259717369236,0.0,3,0,ice_patch
3.769999999999696,16.415124261615446,41.58757383844889,0.2399526221858249,0.0,3,0,ice_patch
3.7799999999996947,16.40586511999522,42.51348800047157,0.2225922676520708,0.0,3,0,ice_patch
3.7899999999996936,16.396828468228986,43.41715317709496,0.20563016327417075,0.0,3,0,ice_patch
3.7999999999996925,16.388061826507602,44.293817349233905,0.18915700066028143,0.0,3,0,ice_patch
3.8099999999996914,16.379613592062555,45.13864079373818,0.1732654642913179,0.0,3,0,ice_patch
3.8199999999996903,16.371530695998004,45.94693040019363,0.1580457944944888,0.0,3,0,ice_patch
3.829999999999689,16.36385596243192,46.71440375680198,0.14358075754182753,0.0,3,0,ice_patch
3.839999999999688,16.356625503576907,47.437449642303534,0.12994065373820915,0.0,3,0,ice_patch
3.849999999999687,16.349866536885003,48.11334631149337,0.11717909984860365,0.0,3,0,ice_patch
3.859999999999686,16.34359596168929,48.74040383106464,0.10533023554945768,0.0,3,0,ice_patch
3.869999999999685,16.337819887939553,49.318011206038086,0.09440773228665145,0.0,3,0,ice_patch
3.8799999999996837,16.329054683656892,29.36119830097103,0.4605713765471525,100.0,2,0,ice_patch
3.8899999999996826,16.31941794898357,30.324871768302817,0.4425376224243668,0.0,3,0,ice_patch
3.8999999999996815,16.309732441260103,31.293422540649694,0.4243911237657568,0.0,3,0,ice_patch
3.9099999999996804,16.30000360819668,32.26630584699246,0.4061417416355619,0.0,3,0,ice_patch
3.9199999999996793,16.290238613276447,33.2428053390158,0.38780260753351187,0.0,3,0,ice_patch
3.929999999999678,16.280446705720127,34.22199609464755,0.3693908395776941,0.0,3,0,ice_patch
3.939999999999677,16.27063964668775,35.20270199788498,0.35092836983115283,0.0,3,0,ice_patch
3.949999999999676,16.260832187167363,36.183447949923675,0.33244287499974196,0.0,3,0,ice_patch
3.959999999999675,16.25104258339616,37.16240832704484,0.31396878440868753,0.0,3,0,ice_patch
3.969999999999674,16.241293121072886,38.13735455937252,0.2955483111768406,0.0,3,0,ice_patch
3.9799999999996727,16.23161059924813,39.1056067418482,0.27723241320871217,0.0,3,0,ice_patch
3.9899999999996716,16.222026699027243,40.06399676393674,0.2590815406621322,0.0,3,0,ice_patch
3.9999999999996705,16.212578133992672,41.00885326739416,0.24116597135014256,0.0,3,0,ice_patch
4.009999999999674,16.20330645546371,41.93602112028995,0.22356548827447675,0.0,3,0,ice_patch
4.019999999999677,16.19425737821954,42.840928844706845,0.20636813697318898,0.0,3,0,ice_patch
4.0299999999996805,16.18547951665871,43.71871500079016,0.1896678447655529,0.0,3,0,ice_patch
4.039999999999684,16.17702249146922,44.56441751973919,0.17356081670950713,0.0,3,0,ice_patch
4.049999999999687,16.16893448521704,45.37321814495705,0.15814084991609773,0.0,3,0,ice_patch
4.0599999999996905,16.161259472228668,46.14071944379432,0.14349399210348623,0.0,3,0,ice_patch
4.069999999999694,16.15403447914113,46.86321875254827,0.12969322654856932,0.0,3,0,ice_patch
4.079999999999697,16.147287291381378,47.53793752852384,0.11679398519346519,0.0,3,0,ice_patch
4.0899999999997005,16.141034968611383,48.16316980552323,0.10483119764283515,0.0,3,0,ice_patch
4.099999999999704,16.135283374134357,48.73832925322574,0.09381828400939671,0.0,3,0,ice_patch
4.109999999999707,16.126517906613685,28.78154267195994,0.4645798397652304,100.0,2,0,ice_patch
4.119999999999711,16.116892360871763,29.744097246152183,0.4463430682512173,0.0,3,0,ice_patch
4.129999999999714,16.107216452460996,30.711688087229142,0.42798891084865104,0.0,3,0,ice_patch
4.139999999999717,16.09749545050057,31.683788283271493,0.4095269966555031,0.0,3,0,ice_patch
4.149999999999721,16.08773633693374,32.65969963995449,0.39097025915991673,0.0,3,0,ice_patch
4.159999999999724,16.07794818430786,33.63851490254285,0.372335676475668,0.0,3,0,ice_patch
4.169999999999727,16.06814259354143,34.619073979185906,0.35364513145842386,0.0,3,0,ice_patch
4.179999999999731,16.058334188132115,35.599914520117046,0.3349263858309705,0.0,3,0,ice_patch
4.189999999999734,16.048541151571214,36.579218176206744,0.31621414375177337,0.0,3,0,ice_patch
4.199999999999737,16.038785779739886,37.5547553593395,0.29755115115799197,0.0,3,0,ice_patch
4.209999999999741,16.029094998760712,38.523833457257005,0.2789892356324147,0.0,3,0,ice_patch
4.219999999999744,16.019500771354913,39.4832561978373,0.2605901377069347,0.0,3,0,ice_patch
4.229999999999747,16.010040284003086,40.42930493302042,0.2424259236858403,0.0,3,0,ice_patch
4.239999999999751,16.00075578025404,41.357755307924805,0.22457871598234883,0.0,3,0,ice_patch
4.249999999999754,15.991693895044126,42.26394382891587,0.20713945427606772,0.0,3,0,ice_patch
4.259999999999757,15.982904368010617,43.14289653226647,0.19020544316183435,0.0,3,0,ice_patch
4.269999999999761,15.974438086502206,43.98952468310759,0.1738765812311658,0.0,3,0,ice_patch
4.279999999999764,15.96634453530202,44.79887980312632,0.15825041159406059,0.0,3,0,ice_patch
4.289999999999767,15.958668889668905,45.56644436643792,0.14341644629391231,0.0,3,0,ice_patch
4.299999999999771,15.951449132475405,46.28842008578774,0.12945050255873783,0.0,3,0,ice_patch
4.309999999999774,15.944713642401693,46.96196909315872,0.11640992469868497,0.0,3,0,ice_patch
4.319999999999777,15.938479644205296,47.585368912798394,0.10433046360041891,0.0,3,0,ice_patch
4.329999999999781,15.932752739529953,48.15805938033282,0.0932252542741667,0.0,3,0,ice_patch
4.339999999999784,15.92398705572913,28.201294427081823,0.46870163241682183,100.0,2,0,ice_patch
4.349999999999787,15.914373219287045,29.16267807129041,0.45025774494315496,0.0,3,0,ice_patch
4.359999999999791,15.90470742376676,30.1292576233188,0.43169169691931636,0.0,3,0,ice_patch
4.369999999999794,15.89499475275106,31.100524724888785,0.413012865836159,0.0,3,0,ice_patch
4.379999999999797,15.885241997978417,32.075800202153125,0.3942339649675754,0.0,3,0,ice_patch
4.389999999999801,15.87545804474373,33.054195525622035,0.37537180787235147,0.0,3,0,ice_patch
4.399999999999804,15.865654321136422,34.034567886352704,0.3564482019311722,0.0,3,0,ice_patch
4.409999999999807,15.855845308666321,35.015469133362735,0.3374909671786906,0.0,3,0,ice_patch
4.419999999999811,15.846049102091731,35.99508979082163,0.3185350576869633,0.0,3,0,ice_patch
4.429999999999814,15.836287990902425,36.97120090975235,0.2996237325756245,0.0,3,0,ice_patch
4.439999999999817,15.82658901268662,37.94109873133314,0.2808096798194578,0.0,3,0,ice_patch
4.449999999999821,15.816984399465195,38.90156005347568,0.26215593811692034,0.0,3,0,ice_patch
4.459999999999824,15.80751180464616,39.84881953537935,0.24373639518016477,0.0,3,0,ice_patch
4.4699999999998274,15.798214167843188,40.778583215676434,0.22563557914007643,0.0,3,0,ice_patch
4.479999999999831,15.78913906091854,41.68609390814125,0.20794742992688264,0.0,3,0,ice_patch
4.489999999999834,15.780337380099821,42.566261990013075,0.19077277694279918,0.0,3,0,ice_patch
4.4999999999998375,15.771861324219149,43.41386757808006,0.17421539501972302,0.0,3,0,ice_patch
4.509999999999841,15.76376173385083,44.22382661491179,0.15837677526019106,0.0,3,0,ice_patch
4.519999999999844,15.756085039466287,44.99149605336626,0.14335009095209325,0.0,3,0,ice_patch
4.5299999999998475,15.748870225555386,45.712977444456335,0.12921415714737225,0.0,3,0,ice_patch
4.539999999999851,15.742146292181484,46.38537078184642,0.1160283371610343,0.0,3,0,ice_patch
4.549999999999854,15.735930635628248,47.006936437169955,0.10382923910315212,0.0,3,0,ice_patch
4.5599999999998575,15.730228581284,47.57714187159459,0.09262967872820876,0.0,3,0,ice_patch
4.569999999999861,15.72146272004433,27.620394662228342,0.47294227348807794,100.0,2,0,ice_patch
4.579999999999864,15.711861134002511,28.580553266410256,0.4542870569694976,0.0,3,0,ice_patch
4.5899999999998675,15.702205986803497,29.546067986311733,0.43550476898960044,0.0,3,0,ice_patch
4.599999999999871,15.692502169440132,30.516449722647884,0.41660451482218974,0.0,3,0,ice_patch
4.609999999999874,15.682756274573103,31.491039209350916,0.39759876405638794,0.0,3,0,ice_patch
4.6199999999998775,15.67297698931906,32.468967734754834,0.3785041395093855,0.0,3,0,ice_patch
4.629999999999881,15.663175555819583,33.44911108470256,0.35934234474679005,0.0,3,0,ice_patch
4.639999999999884,15.653366298333358,34.430036833325,0.3401412288488229,0.0,3,0,ice_patch
4.649999999999888,15.643567205852046,35.4099460814563,0.3209359678230567,0.0,3,0,ice_patch
4.659999999999891,15.633800543545826,36.38661231207806,0.30177031085829525,0.0,3,0,ice_patch
4.669999999999894,15.624093443215447,37.357322345115946,0.2826977933621257,0.0,3,0,ice_patch
4.679999999999898,15.614478392015497,38.318827465110914,0.26378275655934796,0.0,3,0,ice_patch
4.689999999999901,15.604993502452096,39.267316421450985,0.24510093999179114,0.0,3,0,ice_patch
4.699999999999904,15.595682412485056,40.19842541815526,0.22673934320486197,0.0,3,0,ice_patch
4.709999999999908,15.58659364682537,41.10730198412371,0.20879501482680315,0.0,3,0,ice_patch
4.719999999999911,15.577779289904585,41.98873767620229,0.1913724627602012,0.0,3,0,ice_patch
4.729999999999914,15.569292898469406,42.837376819720426,0.17457953102163615,0.0,3,0,ice_patch
4.739999999999918,15.56118672532609,43.64799413405192,0.1585218742408492,0.0,3,0,ice_patch
4.749999999999921,15.553508514076382,44.4158152590226,0.1432965388068233,0.0,3,0,ice_patch
4.759999999999924,15.546298299837934,45.136836682867475,0.12898551515627338,0.0,3,0,ice_patch
4.769999999999928,15.539585735011949,45.80809316546612,0.11565030213919872,0.0,3,0,ice_patch
4.779999999999931,15.53338839535693,46.427827130968126,0.10332840557481034,0.0,3,0,ice_patch
4.789999999999934,15.527711315573239,46.9955351093373,0.0920322869049484,0.0,3,0,ice_patch
4.799999999999938,15.51894531244295,27.03880208903284,0.47730722266248266,100.0,2,0,ice_patch
4.809999999999941,15.509356538410723,27.997679492255497,0.45843634280540285,0.0,3,0,ice_patch
4.819999999999944,15.499712596799352,28.962073653392622,0.4394333416342208,0.0,3,0,ice_patch
4.829999999999948,15.490018178896735,29.931515443654483,0.42030703067025715,0.0,3,0,ice_patch
4.839999999999951,15.480279669257104,30.905366407617684,0.40106961111961303,0.0,3,0,ice_patch
4.849999999999954,15.470505545603435,31.88277877298451,0.38173748726565804,0.0,3,0,ice_patch
4.859999999999958,15.460706850538097,32.86264827951856,0.36233222845743046,0.0,3,0,ice_patch
4.869999999999961,15.450897735094827,33.84355982384575,0.3428816809723444,0.0,3,0,ice_patch
4.879999999999964,15.441096064462918,34.823726887036614,0.3234212116486589,0.0,3,0,ice_patch
4.889999999999968,15.431324060234196,35.80092730990865,0.30399503302183956,0.0,3,0,ice_patch
4.899999999999971,15.42160892951423,36.772440381905135,0.28465751109414034,0.0,3,0,ice_patch
4.909999999999974,15.411983398526782,37.73499348064971,0.2654742902670769,0.0,3,0,ice_patch
4.919999999999978,15.402486029095998,38.68473042372803,0.24652298952290935,0.0,3,0,ice_patch
4.929999999999981,15.393161158129908,39.61721752033715,0.2278931446239042,0.0,3,0,ice_patch
4.939999999999984,15.384058278135079,40.52750551981994,0.20968502353984472,0.0,3,0,ice_patch
4.949999999999988,15.375230693529623,41.41026398036537,0.19200697266040823,0.0,3,0,ice_patch
4.959999999999991,15.366733367000794,42.25999663324826,0.1749711088760234,0.0,3,0,ice_patch
4.969999999999994,15.358620022979151,43.0713310354126,0.158687480301542,0.0,3,0,ice_patch
4.979999999999998,15.350939779911956,43.839355342132194,0.1432572343323277,0.0,3,0,ice_patch
4.990000000000001,15.343733776354838,44.5599556978441,0.1287657291112737,0.0,3,0,ice_patch
5.000000000000004,15.337032350932025,45.23009824012549,0.11527672619057479,0.0,3,0,ice_patch
5.010000000000008,15.330853268334067,45.848006499921205,0.10282867435786322,0.0,3,0,ice_patch
5.020000000000011,15.3252012581782,46.41320751550787,0.09143364448659863,0.0,3,0,ice_patch
5.0300000000000145,15.316435148275144,26.456485172480058,0.48180203324676146,100.0,2,0,ice_patch
5.040000000000018,15.30685976849194,27.414023150800535,0.4627110282822938,0.0,3,0,ice_patch
5.050000000000021,15.297227611854806,28.377238814513703,0.44348271070002865,0.0,3,0,ice_patch
5.0600000000000245,15.287543162805848,29.345683719409454,0.4241255758320933,0.0,3,0,ice_patch
5.070000000000028,15.277812588648247,30.3187411351696,0.4046515305922049,0.0,3,0,ice_patch
5.080000000000031,15.268044146248215,31.295585375172916,0.38507673133372916,0.0,3,0,ice_patch
5.0900000000000345,15.258248664646164,32.27513353537815,0.36542258070231926,0.0,3,0,ice_patch
5.100000000000038,15.248440105001524,33.2559894998425,0.34571688767821324,0.0,3,0,ice_patch
5.110000000000041,15.238636189684273,34.23638103156756,0.32599517557725294,0.0,3,0,ice_patch
5.1200000000000445,15.228859076114722,35.214092388522864,0.3063020897523422,0.0,3,0,ice_patch
5.130000000000048,15.219136026100697,36.1863973899252,0.28669280579661394,0.0,3,0,ice_patch
5.140000000000051,15.209499986885461,37.15000131144876,0.2672342678559773,0.0,3,0,ice_patch
5.1500000000000545,15.199989957745206,38.10100422547414,0.24800599872647325,0.0,3,0,ice_patch
5.160000000000058,15.190650973288188,39.03490267117595,0.22910013389518877,0.0,3,0,ice_patch
5.170000000000061,15.181533507613716,39.94664923862317,0.21062027326970373,0.0,3,0,ice_patch
5.1800000000000646,15.17269211695274,40.83078830472104,0.1926787680790013,0.0,3,0,ice_patch
5.190000000000068,15.164183219529843,41.68167804701066,0.17539222303785307,0.0,3,0,ice_patch
5.200000000000071,15.156062073849519,42.49379261504278,0.15887532510778984,0.0,3,0,ice_patch
5.210000000000075,15.14837923893173,43.26207610682163,0.14323356793899844,0.0,3,0,ice_patch
5.220000000000078,15.14117701363236,43.98229863675867,0.12855588577111537,0.0,3,0,ice_patch
5.230000000000081,15.134486459814195,44.65135401857536,0.11490844164810451,0.0,3,0,ice_patch
5.240000000000085,15.128325542148415,45.26744578515335,0.10233067779307994,0.0,3,0,ice_patch
5.250000000000088,15.122698670766733,45.8301329233215,0.09083423690942569,0.0,3,0,ice_patch
5.260000000000091,15.113932490516927,25.873417614968822,0.4864324497042153,100.0,2,0,ice_patch
5.270000000000095,15.104371108182324,26.829555848428566,0.46711672423300393,0.0,3,0,ice_patch
5.280000000000098,15.094751338497996,27.7915328168613,0.4476583510326307,0.0,3,0,ice_patch
5.290000000000101,15.085077451923755,28.758921474285046,0.42806548592262933,0.0,3,0,ice_patch
5.300000000000105,15.075355389284498,29.731127738210585,0.40834971440852363,0.0,3,0,ice_patch
5.310000000000108,15.065593174913658,30.707349175294663,0.3885269139002093,0.0,3,0,ice_patch
5.320000000000111,15.055801409868248,31.68652567983586,0.36861828572472227,0.0,3,0,ice_patch
5.330000000000115,15.045993848133488,32.66728185331198,0.3486515643358885,0.0,3,0,ice_patch
5.340000000000118,15.036188049270715,33.64786173958919,0.32866239177114087,0.0,3,0,ice_patch
5.350000000000121,15.026406084582463,34.626058208414186,0.30869581162308246,0.0,3,0,ice_patch
5.360000000000125,15.016675248222157,35.599141844444674,0.2888077835606261,0.0,3,0,ice_patch
5.370000000000128,15.007028688306663,36.56379783599425,0.26906654350935405,0.0,3,0,ice_patch
5.380000000000131,14.99750582744632,37.5160839220287,0.24955353869497318,0.0,3,0,ice_patch
5.390000000000135,14.988152394643866,38.45142720227422,0.23036356603869723,0.0,3,0,ice_patch
5.400000000000138,14.979019858026465,39.364680864014424,0.21160367159295201,0.0,3,0,ice_patch
5.410000000000141,14.970164057349589,40.25026093170189,0.19339038414997753,0.0,3,0,ice_patch
5.420000000000145,14.961642917502862,41.10237491637441,0.17584502297623666,0.0,3,0,ice_patch
5.430000000000148,14.953513296688048,41.91533699785581,0.1590871757112888,0.0,3,0,ice_patch
5.440000000000151,14.94582726449189,42.68394021747174,0.14322694631538294,0.0,3,0,ice_patch
5.450000000000155,14.938628341300683,43.40383253659235,0.12835707111219477,0.0,3,0,ice_patch
5.460000000000158,14.931948352634167,44.07183140324366,0.11454626625194142,0.0,3,0,ice_patch
5.470000000000161,14.925805475934805,44.686119073179704,0.10183502367303213,0.0,3,0,ice_patch
5.480000000000165,14.920203787449331,45.24628792172702,0.09023451891881862,0.0,3,0,ice_patch
5.490000000000168,14.911437575686326,25.289575764694142,0.4912044736867671,100.0,2,0,ice_patch
5.500000000000171,14.901890815417591,26.244251791567727,0.4716592924352542,0.0,3,0,ice_patch
5.510000000000175,14.892284057845606,27.204927548766268,0.45196598232154855,0.0,3,0,ice_patch
5.520000000000178,14.882621352343667,28.171198098960073,0.4321323354533152,0.0,3,0,ice_patch
5.530000000000181,14.872908403979329,29.14249293539391,0.41216958760540723,0.0,3,0,ice_patch
5.540000000000185,14.863152992696252,30.11803406370129,0.3920933045935553,0.0,3,0,ice_patch
5.550000000000188,14.853365476777528,31.096785655573772,0.3719244496301126,0.0,3,0,ice_patch
5.5600000000001915,14.843559385105099,32.07739482281659,0.3516906425758311,0.0,3,0,ice_patch
5.570000000000195,14.833752093473981,33.05812398592842,0.3314276028556766,0.0,3,0,ice_patch
5.580000000000198,14.823965563743974,34.036776958929416,0.31118073340289765,0.0,3,0,ice_patch
5.5900000000002015,14.814227098233431,35.010623509983525,0.29100674754422096,0.0,3,0,ice_patch
5.600000000000205,14.804570023563377,35.97633097698898,0.27097515997300786,0.0,3,0,ice_patch
5.610000000000208,14.795034169118576,36.929916421468825,0.25116935859698086,0.0,3,0,ice_patch
5.6200000000002115,14.785665952693263,37.86673806400027,0.23168686107568842,0.0,3,0,ice_patch
5.630000000000215,14.776517847266064,38.78154860672024,0.21263827497973964,0.0,3,0,ice_patch
5.640000000000218,14.767647007521095,39.668632581217096,0.19414448569198514,0.0,3,0,ice_patch
5.6500000000002215,14.759112917610507,40.52204157227605,0.176331766038757,0.0,3,0,ice_patch
5.660000000000225,14.750974104350162,41.335922898310656,0.15932488378268364,0.0,3,0,ice_patch
5.670000000000228,14.743284222441662,42.10491108916069,0.14323883768576745,0.0,3,0,ice_patch
5.6800000000002315,14.736088079769928,42.824525356333986,0.12817041148543554,0.0,3,0,ice_patch
5.690000000000235,14.729418309667485,43.49150236657815,0.11419104029315945,0.0,3,0,ice_patch
5.700000000000238,14.723293317086481,44.10400162467875,0.10134232861823605,0.0,3,0,ice_patch
5.7100000000002415,14.717716830042347,44.661650329092154,0.08963494450592077,0.0,3,0,ice_patch
5.720000000000245,14.708950628747557,24.704937125237947,0.4961244126357871,100.0,2,0,ice_patch
5.730000000000248,14.699419137115797,25.658086288413987,0.47634489399051705,0.0,3,0,ice_patch
5.740000000000252,14.689826040660549,26.61739593393889,0.4564116172595193,0.0,3,0,ice_patch
5.750000000000255,14.68017516062403,27.582483937590826,0.43633198577410565,0.0,3,0,ice_patch
5.760000000000258,14.670471957016156,28.55280429837799,0.416116856048603,0.0,3,0,ice_patch
5.770000000000262,14.660723953384833,29.527604661510466,0.39578144799541365,0.0,3,0,ice_patch
5.780000000000265,14.650941250109444,30.50587498904931,0.3753464476798425,0.0,3,0,ice_patch
5.790000000000268,14.641137132432043,31.48628675678948,0.3548393173565075,0.0,3,0,ice_patch
5.800000000000272,14.631328770459113,32.467122954082555,0.334295808738147,0.0,3,0,ice_patch
5.810000000000275,14.621537991876622,33.44620081233177,0.3137616405829466,0.0,3,0,ice_patch
5.820000000000278,14.611792081088216,34.42079189117243,0.293294244125141,0.0,3,0,ice_patch
5.830000000000282,14.602124518487683,35.38754815122565,0.27296439419301677,0.0,3,0,ice_patch
5.840000000000285,14.592575521023278,36.34244789766644,0.2528574305753946,0.0,3,0,ice_patch
5.850000000000288,14.583192187111512,37.2807812888432,0.23307364785760137,0.0,3,0,ice_patch
5.860000000000292,14.574028003507756,38.19719964921885,0.21372733111205755,0.0,3,0,ice_patch
5.870000000000295,14.565141470690252,39.08585293096937,0.19494390748714652,0.0,3,0,ice_patch
5.880000000000298,14.556593686053313,39.94063139466313,0.17685485513832222,0.0,3,0,ice_patch
5.890000000000302,14.548444917354576,40.755508264536886,0.159590420225868,0.0,3,0,ice_patch
5.900000000000305,14.540750483826864,41.52495161730795,0.1432708030408484,0.0,3,0,ice_patch
5.910000000000308,14.533556551980771,42.24434480191715,0.12799710138067294,0.0,3,0,ice_patch
5.920000000000312,14.526896611247667,42.91033887522747,0.1138436510520045,0.0,3,0,ice_patch
5.930000000000315,14.52078931103093,43.52106889690131,0.10085323948940099,0.0,3,0,ice_patch
5.940000000000318,14.515238016904323,44.07619830956178,0.08903598566766148,0.0,3,0,ice_patch
5.950000000000322,14.506471871749465,24.11947949171426,0.5011989192488854,100.0,2,0,ice_patch
5.960000000000325,14.496956317865283,25.071034880132228,0.48118002847461144,0.0,3,0,ice_patch
5.970000000000328,14.487377556089053,26.028911057755327,0.46100160038663396,0.0,3,0,ice_patch
5.980000000000332,14.477739172575129,26.99274940914789,0.44067062362306525,0.0,3,0,ice_patch
5.990000000000335,14.46804637298593,27.962029368067792,0.42019754470215404,0.0,3,0,ice_patch
6.000000000000338,14.458306412352227,28.93602543143804,0.39959720164630763,0.0,3,0,ice_patch
6.010000000000342,14.44852911771288,29.91375489537294,0.37888996205086134,0.0,3,0,ice_patch
6.020000000000345,14.438727511550294,30.893915511631715,0.3581030844944324,0.0,3,0,ice_patch
6.030000000000348,14.428918535402323,31.874813126428762,0.33727230391754387,0.0,3,0,ice_patch
6.040000000000352,14.419123856618167,32.85428100484413,0.3164436064588384,0.0,3,0,ice_patch
6.050000000000355,14.409370713631713,33.829595303489576,0.29567509971509603,0.0,3,0,ice_patch
6.060000000000358,14.399692713370442,34.79739532961672,0.2750387937659278,0.0,3,0,ice_patch
6.070000000000362,14.390130438257724,35.75362284088847,0.25462198565274474,0.0,3,0,ice_patch
6.080000000000365,14.380731656299494,36.69350103671157,0.23452779913382343,0.0,3,0,ice_patch
6.0900000000003685,14.3715508747289,37.61157919377097,0.21487431269701857,0.0,3,0,ice_patch
6.100000000000372,14.362647969871718,38.50186967948924,0.195791686318833,0.0,3,0,ice_patch
6.110000000000375,14.354085707606146,39.358095906046664,0.17741686845597474,0.0,3,0,ice_patch
6.1200000000003785,14.345926172479578,40.174049418703355,0.15988590205271647,0.0,3,0,ice_patch
6.130000000000382,14.338226432879246,40.94402337873655,0.14332451986850195,0.0,3,0,ice_patch
6.140000000000385,14.331034090698253,41.66325759683596,0.1278384239443395,0.0,3,0,ice_patch
6.1500000000003885,14.32438354433473,42.328312233188385,0.11350505027640452,0.0,3,0,ice_patch
6.160000000000392,14.318293707092497,42.93729595741153,0.10036844817320491,0.0,3,0,ice_patch
6.170000000000395,14.312767568141963,43.48990985246518,0.08843814492033497,0.0,3,0,ice_patch
6.1800000000003985,14.304001528926047,23.533180440723115,0.5064350267342987,100.0,2,0,ice_patch
6.190000000000402,14.29450260505702,24.483072827625946,0.48617156880370616,0.0,3,0,ice_patch
6.200000000000405,14.284938876826413,25.43944565068637,0.4657426425823515,0.0,3,0,ice_patch
6.2100000000004085,14.275313688461086,26.401964487219175,0.4451547952625333,0.0,3,0,ice_patch
6.220000000000412,14.265631982030131,27.370135130314683,0.42441803143123713,0.0,3,0,ice_patch
6.230000000000415,14.255900731846852,28.343260148642642,0.40354676954240887,0.0,3,0,ice_patch
6.2400000000004185,14.246129475901501,29.320385743177674,0.3825610150579739,0.0,3,0,ice_patch
6.250000000000422,14.236330954242959,30.300237909031967,0.36148777364575047,0.0,3,0,ice_patch
6.260000000000425,14.226521856014077,31.281147731920132,0.3403627102566233,0.0,3,0,ice_patch
6.270000000000429,14.216723660611107,32.26096727221736,0.3192320247118608,0.0,3,0,ice_patch
6.280000000000432,14.206963530392805,33.236980294047946,0.2981544531395939,0.0,3,0,ice_patch
6.290000000000435,14.197275168923166,34.20581644101166,0.2772032090519923,0.0,3,0,ice_patch
6.300000000000439,14.187699498893863,35.163383443941875,0.2564675454251755,0.0,3,0,ice_patch
6.310000000000442,14.178284943677856,36.104838965542896,0.23605346255277165,0.0,3,0,ice_patch
6.320000000000445,14.169087035095401,37.02462982378839,0.21608294736106629,0.0,3,0,ice_patch
6.330000000000449,14.160167054240068,37.91662790932164,0.19669108922056056,0.0,3,0,ice_patch
6.340000000000452,14.151589491818545,38.77438415147419,0.17802058544962435,0.0,3,0,ice_patch
6.350000000000455,14.143418328632396,39.59150047008896,0.16021361561641784,0.0,3,0,ice_patch
6.360000000000459,14.135712472413793,40.36208609194929,0.14340180226394098,0.0,3,0,ice_patch
6.370000000000462,14.128521043347783,41.08122899855014,0.12769576789017156,0.0,3,0,ice_patch
6.380000000000465,14.121879406763105,41.74539265701816,0.11317626808880946,0.0,3,0,ice_patch
6.390000000000469,14.115806762177426,42.35265711558588,0.0998887028745471,0.0,3,0,ice_patch
6.400000000000472,14.106899393997626,22.410060600232445,0.5234233978495427,100.0,2,0,ice_patch
6.410000000000475,14.097456458897506,23.354354110244568,0.5030091950628873,0.0,3,0,ice_patch
6.420000000000479,14.087945936292902,24.305406370704837,0.48242121710397723,0.0,3,0,ice_patch
6.430000000000482,14.078370188948766,25.262981105118612,0.4616639405117461,0.0,3,0,ice_patch
6.440000000000485,14.068732943717896,26.226705628205675,0.4407448261376657,0.0,3,0,ice_patch
6.450000000000489,14.059039678815212,27.196032118473987,0.419675182520734,0.0,3,0,ice_patch
6.460000000000492,14.049298104137248,28.17018958627064,0.3984712394000296,0.0,3,0,ice_patch
6.470000000000495,14.03951874854483,29.148125145512516,0.37715546378253895,0.0,3,0,ice_patch
6.480000000000499,14.029715663474551,30.12843365254059,0.35575814132189437,0.0,3,0,ice_patch
6.490000000000502,14.019907241443395,31.1092758556562,0.33431922223359734,0.0,3,0,ice_patch
6.500000000000505,14.010117127256668,32.08828727432886,0.31289038522238055,0.0,3,0,ice_patch
6.510000000000509,14.000375164631889,33.062483536806745,0.29153719493896035,0.0,3,0,ice_patch
6.520000000000512,13.990718267874321,34.02817321256324,0.2703411098478226,0.0,3,0,ice_patch
6.530000000000515,13.981191037676014,34.98089623239393,0.24940093862972065,0.0,3,0,ice_patch
6.540000000000519,13.971845862552208,35.915413744774625,0.2288331671113777,0.0,3,0,ice_patch
6.550000000000522,13.962742190509392,36.825780949056266,0.2087704453766876,0.0,3,0,ice_patch
6.560000000000525,13.953944667065182,37.705533293477295,0.18935754312244413,0.0,3,0,ice_patch
6.570000000000529,13.945519972155397,38.548002784455804,0.1707443782356603,0.0,3,0,ice_patch
6.580000000000532,13.937532479286762,39.34675207131943,0.153076368507958,0.0,3,0,ice_patch
6.590000000000535,13.930039257125815,40.09607428741421,0.13648324572588671,0.0,3,0,ice_patch
6.600000000000539,13.92308528558186,40.791471441809534,0.12106827031969554,0.0,3,0,ice_patch
6.610000000000542,13.91669986723806,41.4300132761897,0.10690004804108802,0.0,3,0,ice_patch
6.6200000000005454,13.91089496788395,42.01050321160067,0.09400861752050703,0.0,3,0,ice_patch
6.630000000000549,13.902048320086156,22.06183465804685,0.5239154515200939,100.0,2,0,ice_patch
6.640000000000552,13.892606588730354,23.006007793627276,0.5032032114342815,0.0,3,0,ice_patch
6.6500000000005555,13.883096257345949,23.95704093206783,0.48231200400865626,0.0,3,0,ice_patch
6.660000000000559,13.873519756567593,24.91469100990379,0.4612465016721641,0.0,3,0,ice_patch
6.670000000000562,13.863880944401155,25.87857222654772,0.44001454577554006,0.0,3,0,ice_patch
6.6800000000005655,13.85418551803693,26.848114862970146,0.41862807825080167,0.0,3,0,ice_patch
6.690000000000569,13.844441526079594,27.822514058704325,0.39710430342112235,0.0,3,0,ice_patch
6.700000000000572,13.834659996289524,28.80066703771123,0.37546711566235225,0.0,3,0,ice_patch
6.7100000000005755,13.824855688678642,29.781097798799323,0.35374881728738494,0.0,3,0,ice_patch
6.720000000000579,13.815047971364642,30.76186953019927,0.3319921235026888,0.0,3,0,ice_patch
6.730000000000582,13.805261792685135,31.740487398149913,0.3102523977857208,0.0,3,0,ice_patch
6.7400000000005855,13.79552868270576,32.713798396087505,0.2885999699939464,0.0,3,0,ice_patch
6.750000000000589,13.785887656516449,33.67790101501864,0.2671222516651054,0.0,3,0,ice_patch
6.760000000000592,13.776385811978129,34.62808546885101,0.24592518078123962,0.0,3,0,ice_patch
6.7700000000005955,13.767078329654343,35.55883370122966,0.22513333221975382,0.0,3,0,ice_patch
6.780000000000599,13.758027526937516,36.463913972912515,0.20488789759611917,0.0,3,0,ice_patch
6.790000000000602,13.749300648890255,37.33660177763867,0.1853417988793733,0.0,3,0,ice_patch
6.800000000000606,13.740966257584793,38.170040908184845,0.16665159801737542,0.0,3,0,ice_patch
6.810000000000609,13.733089431892449,38.957723477419094,0.14896665450352417,0.0,3,0,ice_patch
6.820000000000612,13.725726434173861,39.69402324927805,0.1324169957857566,0.0,3,0,ice_patch
6.830000000000616,13.718919848885744,40.37468177808954,0.11710217226681763,0.0,3,0,ice_patch
6.840000000000619,13.712695233266864,40.99714333997744,0.10308347171928452,0.0,3,0,ice_patch
6.850000000000622,13.707059957678851,41.56067089877866,0.09038106580625486,0.0,3,0,ice_patch
6.860000000000626,13.698249646271284,21.608368706201865,0.5267635808035428,100.0,2,0,ice_patch
6.870000000000629,13.688817054054283,22.551627927902082,0.5057653008543308,0.0,3,0,ice_patch
6.880000000000632,13.679314615619464,23.501871771383883,0.4845822521426172,0.0,3,0,ice_patch
6.890000000000636,13.669744688268256,24.45886450650449,0.46321899060421196,0.0,3,0,ice_patch
6.900000000000639,13.660111080838602,25.422225249470003,0.4416833413939709,0.0,3,0,ice_patch
6.910000000000642,13.65041948099404,26.391385233926297,0.41998737978700323,0.0,3,0,ice_patch
6.920000000000646,13.640677989031744,27.365534430155584,0.39814865979184205,0.0,3,0,ice_patch
6.930000000000649,13.63089777492631,28.34355584069885,0.37619173053657334,0.0,3,0,ice_patch
6.940000000000652,13.621093869935615,29.32394633976842,0.3541499687225848,0.0,3,0,ice_patch
6.950000000000656,13.611286090888917,30.304724244437942,0.3320677258104972,0.0,3,0,ice_patch
6.960000000000659,13.601500069454218,31.283326387908048,0.3100027299599902,0.0,3,0,ice_patch
6.970000000000662,13.591768314556177,32.256501877712395,0.288028581759289,0.0,3,0,ice_patch
6.980000000000666,13.58213116917212,33.22021641611806,0.26623702858533904,0.0,3,0,ice_patch
6.990000000000669,13.572637434464049,34.16958988692504,0.24473949771558945,0.0,3,0,ice_patch
7.000000000000672,13.563344340417824,35.098899291547795,0.22366714851538108,0.0,3,0,ice_patch
7.010000000000676,13.554316482508236,36.00168508250647,0.20316855972118342,0.0,3,0,ice_patch
7.020000000000679,13.545623383890865,36.87099494424351,0.18340425022980444,0.0,3,0,ice_patch
7.030000000000682,13.5373355524073,37.69977809259995,0.16453770507529622,0.0,3,0,ice_patch
7.040000000000686,13.52951930113024,38.481403220305964,0.14672349333746235,0.0,3,0,ice_patch
7.050000000000689,13.522231092848203,39.21022404850958,0.13009420311014624,0.0,3,0,ice_patch
7.060000000000692,13.515512528323667,39.88208050096343,0.11474876552291532,0.0,3,0,ice_patch
7.070000000000696,13.509387085851968,40.49462474813365,0.1007447379191031,0.0,3,0,ice_patch
7.080000000000699,13.503859268317976,41.04740650153284,0.08809609862042829,0.0,3,0,ice_patch
7.090000000000702,13.495069799552635,21.09302004473387,0.5310949770982338,100.0,2,0,ice_patch
7.100000000000706,13.48565139660927,22.034860339070466,0.5098154395876477,0.0,3,0,ice_patch
7.110000000000709,13.476161766470119,22.983823352985652,0.48834489186294644,0.0,3,0,ice_patch
7.120000000000712,13.466603103346532,23.93968966534428,0.46668756445205284,0.0,3,0,ice_patch
7.130000000000716,13.456979051392347,24.90209486076303,0.44485100038437314,0.0,3,0,ice_patch
7.140000000000719,13.447295141320657,25.870485867932015,0.42284707230591934,0.0,3,0,ice_patch
7.1500000000007224,13.437559338767562,26.84406612324144,0.4006932632670302,0.0,3,0,ice_patch
7.160000000000726,13.42778272307835,27.82172769216273,0.37841425648751026,0.0,3,0,ice_patch
7.170000000000729,13.417980310089987,28.801968990999057,0.356043868181696,0.0,3,0,ice_patch
7.1800000000007325,13.408172019179657,29.78279808203208,0.3336273272875061,0.0,3,0,ice_patch
7.190000000000736,13.398383758048475,30.76162419515033,0.3112238442191581,0.0,3,0,ice_patch
7.200000000000739,13.388648551966682,31.73514480332954,0.28890930223122685,0.0,3,0,ice_patch
7.2100000000007425,13.37900757208494,32.69924279150348,0.2667787364199599,0.0,3,0,ice_patch
7.220000000000746,13.36951082081977,33.64891791802064,0.24494803806238113,0.0,3,0,ice_patch
7.230000000000749,13.360217127947651,34.57828720523265,0.22355407384286038,0.0,3,0,ice_patch
7.2400000000007525,13.35119304261906,35.48069573809163,0.2027522418820896,0.0,3,0,ice_patch
7.250000000000756,13.342510247810905,36.34897521890717,0.18271057221325532,0.0,3,0,ice_patch
7.260000000000759,13.334241354866096,37.17586451338802,0.16360000863893148,0.0,3,0,ice_patch
7.2700000000007625,13.326454379488888,37.954562051108624,0.1455815409642898,0.0,3,0,ice_patch
7.280000000000766,13.31920674435721,38.67932556427651,0.12879213514731305,0.0,3,0,ice_patch
7.290000000000769,13.312540039869491,39.3459960130484,0.11333233413281532,0.0,3,0,ice_patch
7.3000000000007725,13.306476735243796,39.95232647561798,0.09925834004279757,0.0,3,0,ice_patch
7.310000000000776,13.297557538702973,20.010912796366963,0.5485431199348176,100.0,2,0,ice_patch
7.320000000000779,13.288198384017562,20.946828264908245,0.5270955250765491,0.0,3,0,ice_patch
7.330000000000783,13.278765935774617,21.89007308920275,0.5054493799707346,0.0,3,0,ice_patch
7.340000000000786,13.26926151631219,22.84051503544552,0.4836069435959074,0.0,3,0,ice_patch
7.350000000000789,13.25968767251179,23.797899415485563,0.46157330391378265,0.0,3,0,ice_patch
7.360000000000793,13.25004856090065,24.76181057659934,0.4393572869687008,0.0,3,0,ice_patch
7.370000000000796,13.240350437065251,25.731622960139227,0.4169726152842819,0.0,3,0,ice_patch
7.380000000000799,13.230602270607273,26.70643960593716,0.3944393673158608,0.0,3,0,ice_patch
7.390000000000803,13.220816505295256,27.685016137139172,0.3717857866180053,0.0,3,0,ice_patch
7.400000000000806,13.211009976516772,28.665669014987376,0.3490504723119119,0.0,3,0,ice_patch
7.410000000000809,13.20120497992889,29.646168673775527,0.32628494022667887,0.0,3,0,ice_patch
7.420000000000813,13.191430449816513,30.623621685013216,0.3035564611090564,0.0,3,0,ice_patch
7.430000000000816,13.181723145690428,31.594352097621776,0.28095094059191145,0.0,3,0,ice_patch
7.440000000000819,13.172128656247764,32.553801041888214,0.2585753929806769,0.0,3,0,ice_patch
7.450000000000823,13.162701916439442,33.49647502272049,0.23655928922422778,0.0,3,0,ice_patch
7.460000000000826,13.153506824200011,34.41598424666325,0.2150537942472294,0.0,3,0,ice_patch
7.470000000000829,13.144614501009094,35.30521656575494,0.19422779809074037,0.0,3,0,ice_patch
7.480000000000833,13.136099857056553,36.156680961008846,0.17425990923205614,0.0,3,0,ice_patch
7.490000000000836,13.12803647441562,36.96301922510229,0.15532640474139914,0.0,3,0,ice_patch
7.500000000000839,13.12049038405394,37.71762826127051,0.13758646611766498,0.0,3,0,ice_patch
7.510000000000843,13.11351388194016,38.41527847264842,0.12116739681298525,0.0,3,0,ice_patch
7.520000000000846,13.107140779750855,39.05258869157858,0.10615314168493498,0.0,3,0,ice_patch
7.530000000000849,13.101384186580043,39.62824800866003,0.09257875097078959,0.0,3,0,ice_patch
7.540000000000853,13.092532005029048,19.68013283042621,0.5490528610615557,100.0,2,0,ice_patch
7.550000000000856,13.08317408987273,20.61592434605817,0.5272724140692364,0.0,3,0,ice_patch
7.560000000000859,13.073741727625075,21.559160570823693,0.505287139214275,0.0,3,0,ice_patch
7.570000000000863,13.064236282326224,22.509705100708924,0.4830994032656725,0.0,3,0,ice_patch
7.580000000000866,13.054660403872086,23.46729294612244,0.4607145903428807,0.0,3,0,ice_patch
7.590000000000869,13.045018439424922,24.431489390839015,0.43814208839287644,0.0,3,0,ice_patch
7.600000000000873,13.035316958089512,25.401637524380032,0.4153965506312562,0.0,3,0,ice_patch
7.610000000000876,13.025565412144648,26.376792118866664,0.3924994896358112,0.0,3,0,ice_patch
7.620000000000879,13.01577695614587,27.355637718744184,0.36948125776324336,0.0,3,0,ice_patch
7.630000000000883,13.005969436260441,28.336389707287026,0.3463834469358598,0.0,3,0,ice_patch
7.640000000000886,12.99616654074828,29.316679258503097,0.32326169028574653,0.0,3,0,ice_patch
7.650000000000889,12.986399060946486,30.293427238682337,0.3001887490940587,0.0,3,0,ice_patch
7.660000000000893,12.976706142019296,31.262719131401422,0.27725760013542267,0.0,3,0,ice_patch
7.670000000000896,12.967136299341902,32.219703399141004,0.2545839885840594,0.0,3,0,ice_patch
7.680000000000899,12.957747848393446,33.15854849398672,0.2323075997014901,0.0,3,0,ice_patch
7.690000000000903,12.948608280630483,34.072505270282974,0.2105907168127583,0.0,3,0,ice_patch
7.700000000000906,12.93979209310309,34.95412402302233,0.18961316136633571,0.0,3,0,ice_patch
7.7100000000009095,12.931376753043484,35.795658028983105,0.16956271449074375,0.0,3,0,ice_patch
7.720000000000913,12.92343692459656,36.58964087367553,0.15062128393950197,0.0,3,0,ice_patch
7.730000000000916,12.91603773653983,37.32955967934856,0.13294865405025408,0.0,3,0,ice_patch
7.7400000000009195,12.909228453353828,38.010487997948424,0.11666708505557664,0.0,3,0,ice_patch
7.750000000000923,12.903038053999925,38.62952793333857,0.10185040674129914,0.0,3,0,ice_patch
7.760000000000926,12.897473733199192,39.185960013411886,0.08852010500605476,0.0,3,0,ice_patch
7.7700000000009295,12.888661804152171,19.233819584780864,0.5523083805662923,100.0,2,0,ice_patch
7.780000000000933,12.879314595959555,20.16854040404251,0.5302108605134228,0.0,3,0,ice_patch
7.790000000000936,12.869891652192118,21.110834780786142,0.5079018063716872,0.0,3,0,ice_patch
7.8000000000009395,12.860394238527602,22.06057614723771,0.4853833621721823,0.0,3,0,ice_patch
7.810000000000943,12.85082492476721,23.017507523276777,0.4626607787898005,0.0,3,0,ice_patch
7.820000000000946,12.841188011291653,23.981198870832692,0.4397434524809087,0.0,3,0,ice_patch
7.8300000000009495,12.831490075559445,24.950992444053487,0.41664625938701116,0.0,3,0,ice_patch
7.840000000000953,12.821740664186967,25.92593358130131,0.3933912502134057,0.0,3,0,ice_patch
7.850000000000956,12.811953154375436,26.904684562454374,0.3700097657647281,0.0,3,0,ice_patch
7.8600000000009596,12.802145799121153,27.885420087882533,0.34654501224794304,0.0,3,0,ice_patch
7.870000000000963,12.79234294758454,28.865705241543683,0.32305508006269973,0.0,3,0,ice_patch
7.880000000000966,12.782576386552693,29.842361344728573,0.29961627979498356,0.0,3,0,ice_patch
7.89000000000097,12.772886671421999,30.811332857797936,0.2763264800571258,0.0,3,0,ice_patch
7.900000000000973,12.763324200002737,31.76757999972428,0.253307849069975,0.0,3,0,ice_patch
7.910000000000976,12.75394963977803,32.705036022194875,0.23070804858304095,0.0,3,0,ice_patch
7.92000000000098,12.744833192455244,33.61668075447331,0.20869860954224434,0.0,3,0,ice_patch
7.930000000000983,12.736052159773502,34.494784022647345,0.18746915629951064,0.0,3,0,ice_patch
7.940000000000986,12.727686484846739,35.33135151532373,0.16721664481471135,0.0,3,0,ice_patch
7.95000000000099,12.719812462167628,36.118753783234844,0.14813003987293732,0.0,3,0,ice_patch
7.960000000000993,12.712495542647689,36.85044573522892,0.13037265708522153,0.0,3,0,ice_patch
7.970000000000996,12.705783775118077,37.521622488189905,0.1140659288960422,0.0,3,0,ice_patch
7.980000000001,12.699703501852637,38.129649814733575,0.09927858215340521,0.0,3,0,ice_patch
7.990000000001003,12.690773404247041,18.18932624196009,0.5700184930603301,100.0,2,0,ice_patch
8.000000000001005,12.681487120514424,19.117954615221823,0.5477355037258523,0.0,3,0,ice_patch
8.010000000001,12.672123575507351,20.05430911592893,0.5252340541874959,0.0,3,0,ice_patch
8.020000000000994,12.662683263199762,20.99834034668774,0.5025144376536758,0.0,3,0,ice_patch
8.030000000000989,12.653167769775743,21.949889689089762,0.47957957828898395,0.0,3,0,ice_patch
8.040000000000983,12.643580147423098,22.908651924354444,0.4564359542809523,0.0,3,0,ice_patch
8.050000000000978,12.63392539844073,23.87412682259094,0.43309479667647555,0.0,3,0,ice_patch
8.060000000000972,12.624211096415193,24.845557025144608,0.40957363191907126,0.0,3,0,ice_patch
8.070000000000967,12.614448172560898,25.821849410573915,0.38589824008135576,0.0,3,0,ice_patch
8.080000000000961,12.604651891513795,26.80147751528405,0.362105092327181,0.0,3,0,ice_patch
8.090000000000956,12.594843026764403,27.782363990223104,0.3382442973401547,0.0,3,0,ice_patch
8.10000000000095,12.58504921352797,28.761745313866225,0.3143830073477296,0.0,3,0,ice_patch
8.110000000000944,12.575306395534724,29.736027113190865,0.29060908312143513,0.0,3,0,ice_patch
8.120000000000939,12.565660181473369,30.70064851932654,0.26703456700370254,0.0,3,0,ice_patch
8.130000000000933,12.556166784598622,31.649988206801442,0.24379815711854166,0.0,3,0,ice_patch
8.140000000000928,12.546893058290387,32.577360837625015,0.22106546968376076,0.0,3,0,ice_patch
8.150000000000922,12.537915030774755,33.47516358918827,0.19902559140760723,0.0,3,0,ice_patch
8.160000000000917,12.52931440815422,34.33522585124185,0.1778825704406596,0.0,3,0,ice_patch
8.170000000000911,12.52117289167841,35.14937749882288,0.1578414146285799,0.0,3,0,ice_patch
8.180000000000906,12.513564866336981,35.91018003296584,0.13908992961145844,0.0,3,0,ice_patch
8.1900000000009,12.50654983321665,36.61168334499892,0.1217797753999154,0.0,3,0,ice_patch
8.200000000000895,12.500166412126354,37.25002545402833,0.10601129074828347,0.0,3,0,ice_patch
8.210000000000889,12.494429437717022,37.82372289496142,0.09182592730206596,0.0,3,0,ice_patch
8.220000000000883,12.485572093797447,17.876123953585672,0.570477256004966,100.0,2,0,ice_patch
8.230000000000878,12.476286835939854,18.80464973934532,0.547830616914586,0.0,3,0,ice_patch
8.240000000000872,12.466923048347425,19.741028498588335,0.5249582814773577,0.0,3,0,ice_patch
8.250000000000867,12.457481245631795,20.685208770151192,0.501860568064565,0.0,3,0,ice_patch
8.260000000000861,12.447963093789623,21.63702395436841,0.47854061444406254,0.0,3,0,ice_patch
8.270000000000856,12.438371811422666,22.59615219106402,0.45500538494162757,0.0,3,0,ice_patch
8.28000000000085,12.428712691442348,23.56206418909589,0.431266983780566,0.0,3,0,ice_patch
8.290000000000845,12.418993772854702,24.533956047860418,0.4073443510016134,0.0,3,0,ice_patch
8.30000000000084,12.409226693518882,25.51066398144254,0.38326542149238907,0.0,3,0,ice_patch
8.310000000000834,12.399427749939822,26.49055833934883,0.35906981660155896,0.0,3,0,ice_patch
8.320000000000828,12.389619173031697,27.471416030161127,0.33481209600151984,0.0,3,0,ice_patch
8.330000000000823,12.379830589859825,28.45027434734815,0.3105655006947001,0.0,3,0,ice_patch
8.340000000000817,12.370100568159476,29.423276517382753,0.28642593432624164,0.0,3,0,ice_patch
8.350000000000811,12.360478021357565,30.385531197573954,0.2625156289650517,0.0,3,0,ice_patch
8.360000000000806,12.351023087195584,31.331024613772236,0.23898552227013348,0.0,3,0,ice_patch
8.3700000000008,12.341806916033068,32.25264173002417,0.21601491703475245,0.0,3,0,ice_patch
8.380000000000795,12.33290970667387,33.14236266594377,0.19380673042609706,0.0,3,0,ice_patch
8.39000000000079,12.324416459695438,33.99168736378687,0.17257695384726854,0.0,3,0,ice_patch
8.400000000000784,12.316410424082507,34.79229092507967,0.15253820568410936,0.0,3,0,ice_patch
8.410000000000778,12.308965067333379,35.53682659999279,0.13387941864494599,0.0,3,0,ice_patch
8.420000000000773,12.30213626212974,36.21970712035645,0.11674591269517978,0.0,3,0,ice_patch
8.430000000000767,12.295956696931242,36.837663640205825,0.10122495024564701,0.0,3,0,ice_patch
8.440000000000762,12.290433931820173,37.38994015131252,0.08734043829382046,0.0,3,0,ice_patch
8.450000000000756,12.281620629899509,17.437937010045516,0.5740479810719851,100.0,2,0,ice_patch
8.46000000000075,12.272347222746683,18.365277725327836,0.551057086505311,0.0,3,0,ice_patch
8.470000000000745,12.26299397685903,19.300602314093055,0.5278330312194299,0.0,3,0,ice_patch
8.48000000000074,12.253561291587204,20.243870841275577,0.5043758212110745,0.0,3,0,ice_patch
8.490000000000734,12.244050731362023,21.194926863793793,0.48068836052341124,0.0,3,0,ice_patch
8.500000000000728,12.234465441372349,22.153455862761145,0.45677751180252196,0.0,3,0,ice_patch
8.510000000000723,12.224810690897424,23.1189309102536,0.4326554865802236,0.0,3,0,ice_patch
8.520000000000717,12.215094576618142,24.09054233818183,0.40834165006887296,0.0,3,0,ice_patch
8.530000000000712,12.20532892004815,25.067107995181118,0.38386483086072637,0.0,3,0,ice_patch
8.540000000000706,12.195530388451209,26.046961154875255,0.35926621495180916,0.0,3,0,ice_patch
8.5500000000007,12.185721850343597,27.027814965636257,0.33460285822441876,0.0,3,0,ice_patch
8.560000000000695,12.175933934115365,28.00660658845926,0.3099517439893026,0.0,3,0,ice_patch
8.57000000000069,12.16620667710562,28.979332289433614,0.28541410502337716,0.0,3,0,ice_patch
8.580000000000684,12.156591019206873,29.94089807930828,0.26111938703861154,0.0,3,0,ice_patch
8.590000000000678,12.147149710223442,30.885028977651288,0.23722775183241313,0.0,3,0,ice_patch
8.600000000000673,12.137957003110705,31.804299688925155,0.21392950195553395,0.0,3,0,ice_patch
8.610000000000667,12.129096403714343,32.69035962856122,0.19143953002425676,0.0,3,0,ice_patch
8.620000000000662,12.1206559185661,33.534408143385114,0.16998531180103887,0.0,3,0,ice_patch
8.630000000000656,12.112720843906464,34.327915609348594,0.14978848967815744,0.0,3,0,ice_patch
8.64000000000065,12.10536511655508,35.063488344487176,0.13104260779705906,0.0,3,0,ice_patch
8.650000000000645,12.098643173729588,35.73568262703626,0.1138919766317846,0.0,3,0,ice_patch
8.66000000000064,12.092584502536877,36.34154974630741,0.0984173051174447,0.0,3,0,ice_patch
8.670000000000634,12.083655274765999,16.401139190061652,0.5928101518012083,100.0,2,0,ice_patch
8.680000000000629,12.074446709616057,17.321995705055965,0.5696201377593366,0.0,3,0,ice_patch
8.690000000000623,12.065157264724542,18.25094019420736,0.5461905768712569,0.0,3,0,ice_patch
8.700000000000617,12.055786630392335,19.18800362742809,0.5225196609139809,0.0,3,0,ice_patch
8.710000000000612,12.04633545284075,20.13312138258653,0.49860798427694214,0.0,3,0,ice_patch
8.720000000000606,12.036805693328041,21.08609733385749,0.4744594736073848,0.0,3,0,ice_patch
8.7300000000006,12.027201102268771,22.046556439784553,0.4500826189155739,0.0,3,0,ice_patch
8.740000000000595,12.017527840457936,23.013882620868277,0.42549209139195177,0.0,3,0,ice_patch
8.75000000000059,12.007795284044484,23.987138262213875,0.4007108458764174,0.0,3,0,ice_patch
8.760000000000584,11.998017050496754,24.964961616986674,0.3757728086587513,0.0,3,0,ice_patch
8.770000000000579,11.988212274073117,25.945439259350277,0.35072623007863085,0.0,3,0,ice_patch
8.780000000000573,11.978407132029039,26.925953463758063,0.3256377120854205,0.0,3,0,ice_patch
8.790000000000568,11.968636563009293,27.903010365732502,0.3005967667536025,0.0,3,0,ice_patch
8.800000000000562,11.958946009625587,28.872065704103207,0.27572047701700914,0.0,3,0,ice_patch
8.810000000000556,11.949392845735122,29.82738209314967,0.2511573815117626,0.0,3,0,ice_patch
8.820000000000551,11.940046928100964,30.761973856565344,0.22708912179816798,0.0,3,0,ice_patch
8.830000000000545,11.930989513621718,31.66771530449025,0.20372785672969695,0.0,3,0,ice_patch
8.84000000000054,11.92230976673964,32.53568999269821,0.1813073818095656,0.0,3,0,ice_patch
8.850000000000534,11.914098462079357,33.35682045872646,0.16006685948846722,0.0,3,0,ice_patch
8.860000000000529,11.906439374381844,34.12272922847776,0.1402283716684358,0.0,3,0,ice_patch
8.870000000000523,11.899399998491713,34.826666817491,0.12197253251662966,0.0,3,0,ice_patch
8.880000000000518,11.893023999943624,35.46426667229987,0.10541843674574321,0.0,3,0,ice_patch
8.890000000000512,11.88732750478121,36.03391618854152,0.09061352501523263,0.0,3,0,ice_patch
8.900000000000507,11.878472528372592,16.086080496069766,0.5937336103363375,100.0,2,0,ice_patch
8.910000000000501,11.869266556686162,17.006677664712754,0.5701500783517428,0.0,3,0,ice_patch
8.920000000000496,11.859978325076526,17.935500825676428,0.5463187115337151,0.0,3,0,ice_patch
8.93000000000049,11.85060750176783,18.87258315654626,0.5222375775993531,0.0,3,0,ice_patch
8.940000000000484,11.841154759837732,19.817857349556242,0.49790731347992734,0.0,3,0,ice_patch
8.950000000000479,11.831622162289497,20.7711171043799,0.47333213942760277,0.0,3,0,ice_patch
8.960000000000473,11.82201367283128,21.73196605020138,0.4485212083586584,0.0,3,0,ice_patch
8.970000000000468,11.812335828052934,22.6997505280361,0.4234903868684428,0.0,3,0,ice_patch
8.980000000000462,11.80259861170761,23.673472162568622,0.39826457863900394,0.0,3,0,ice_patch
8.990000000000457,11.79281657209369,24.651676123960314,0.3728807030977927,0.0,3,0,ice_patch
9.000000000000451,11.783010212618414,25.632312071487515,0.34739141503829224,0.0,3,0,ice_patch
9.010000000000446,11.77320765239722,26.61256809360682,0.3218695648796768,0.0,3,0,ice_patch
9.02000000000044,11.763446481520631,27.58868518126562,0.29641320956562134,0.0,3,0,ice_patch
9.030000000000435,11.75377560446402,28.555772886926913,0.27115063666652983,0.0,3,0,ice_patch
9.040000000000429,11.744256662762309,29.507667057097798,0.24624432424084705,0.0,3,0,ice_patch
9.050000000000423,11.734964376489922,30.43689568433664,0.22189208144556707,0.0,3,0,ice_patch
9.060000000000418,11.725984941364091,31.334839196919688,0.19832305720304413,0.0,3,0,ice_patch
9.070000000000412,11.717411666633701,32.19216666995879,0.1757864043909465,0.0,3,0,ice_patch
9.080000000000407,11.709337582725578,32.99957506077098,0.15453180435789404,0.0,3,0,ice_patch
9.090000000000401,11.70184585008417,33.74874832491164,0.13478397962312375,0.0,3,0,ice_patch
9.100000000000396,11.69500006289517,34.4333270438117,0.11671671162126913,0.0,3,0,ice_patch
9.11000000000039,11.688837141332609,35.04961920006765,0.1004335475905583,0.0,3,0,ice_patch
9.120000000000385,11.683364816580951,35.596851675233374,0.08596062262693623,0.0,3,0,ice_patch
9.13000000000038,11.674554885532624,15.644511446732562,0.5979843788446376,100.0,2,0,ice_patch
9.140000000000374,11.665363088851043,16.563691114890517,0.5740289182069019,0.0,3,0,ice_patch
9.150000000000368,11.656087718491944,17.491228150800488,0.5498173510726594,0.0,3,0,ice_patch
9.160000000000363,11.646728299090913,18.427170090903562,0.5253473005202183,0.0,3,0,ice_patch
9.170000000000357,11.63728536425749,19.371463574245944,0.5006190111894212,0.0,3,0,ice_patch
9.180000000000351,11.627760853702762,20.323914629718367,0.475636413095483,0.0,3,0,ice_patch
9.190000000000346,11.618158643059367,21.284135694058083,0.4504085454167957,0.0,3,0,ice_patch
9.20000000000034,11.608485245194505,22.25147548054448,0.42495144688005376,0.0,3,0,ice_patch
9.210000000000335,11.598750727759423,23.224927224052443,0.3992906364872221,0.0,3,0,ice_patch
9.22000000000033,11.588969892718719,24.20301072812321,0.3734643125616415,0.0,3,0,ice_patch
9.230000000000324,11.579163752475436,25.18362475245133,0.34752737009006857,0.0,3,0,ice_patch
9.240000000000318,11.56936130140721,26.163869859274037,0.32155624210409106,0.0,3,0,ice_patch
9.250000000000313,11.559601502029775,27.139849797017206,0.2956543581822004,0.0,3,0,ice_patch
9.260000000000307,11.549935258438133,28.10647415618166,0.2699576181005601,0.0,3,0,ice_patch
9.270000000000302,11.540426921729013,29.057307827093744,0.24463865962229991,0.0,3,0,ice_patch
9.280000000000296,11.531154588821815,29.984541117813546,0.21990792283158903,0.0,3,0,ice_patch
9.29000000000029,11.522208234105035,30.879176589491337,0.19600889094963095,0.0,3,0,ice_patch
9.300000000000285,11.513684791522314,31.73152084776339,0.17320506625834292,0.0,3,0,ice_patch
9.31000000000028,11.505679962521961,32.532003747798605,0.15175798769564014,0.0,3,0,ice_patch
9.320000000000274,11.498277805513181,33.27221944867673,0.13189905449866404,0.0,3,0,ice_patch
9.330000000000268,11.491540548401682,33.94594515982645,0.11380171309021218,0.0,3,0,ice_patch
9.340000000000263,11.485501588148052,34.54984118518949,0.0975620632665713,0.0,3,0,ice_patch
9.350000000000257,11.476576393801189,14.609027286542421,0.6181171077874804,100.0,2,0,ice_patch
9.360000000000252,11.467453951412196,15.521271525441652,0.5939481006541064,0.0,3,0,ice_patch
9.370000000000246,11.458247405130107,16.441926153650574,0.5695172506148934,0.0,3,0,ice_patch
9.38000000000024,11.448955637158905,17.371102950770958,0.5448204141592345,0.0,3,0,ice_patch
9.390000000000235,11.439578333514303,18.30883331523113,0.5198555545987537,0.0,3,0,ice_patch
9.40000000000023,11.430116320941192,19.255034572542264,0.4946236582755071,0.0,3,0,ice_patch
9.410000000000224,11.420572020796971,20.209464586964334,0.4691299730828884,0.0,3,0,ice_patch
9.420000000000218,11.41095005676933,21.17166098972865,0.4433856720676217,0.0,3,0,ice_patch
9.430000000000213,11.401258061331532,22.140860533508576,0.41741006787834817,0.0,3,0,ice_patch
9.440000000000207,11.391507731668655,23.115893499796105,0.39123352120808247,0.0,3,0,ice_patch
9.450000000000202,11.381716184278496,24.09504823881189,0.364901184091352,0.0,3,0,ice_patch
9.460000000000196,11.371907638687912,25.075902797870082,0.33847766985302385,0.0,3,0,ice_patch
9.47000000000019,11.362115407913809,26.05512587528024,0.3120525991894267,0.0,3,0,ice_patch
9.480000000000185,11.352384062008621,27.028260465798727,0.2857466682372837,0.0,3,0,ice_patch
9.49000000000018,11.34277143510423,27.989523156237492,0.2597173455435949,0.0,3,0,ice_patch
9.500000000000174,11.33334985978527,28.931680688133415,0.2341625103061566,0.0,3,0,ice_patch
9.510000000000169,11.324205696681167,29.84609699854371,0.20931945785943742,0.0,3,0,ice_patch
9.520000000000163,11.31543607106844,30.723059559816488,0.18545623782799073,0.0,3,0,ice_patch
9.530000000000157,11.307142051145739,31.55246155208672,0.16285313982883376,0.0,3,0,ice_patch
9.540000000000152,11.29941856568034,32.32481009862659,0.1417750415015187,0.0,3,0,ice_patch
9.550000000000146,11.292342964696319,33.032370197028555,0.12243977267696589,0.0,3,0,ice_patch
9.56000000000014,11.285965378535206,33.67012881314005,0.10499117220816613,0.0,3,0,ice_patch
9.570000000000135,11.28030384246418,34.23628242024259,0.08948509991295563,0.0,3,0,ice_patch
9.58000000000013,11.271453484985823,14.28798483474462,0.6197122708146653,100.0,2,0,ice_patch
9.590000000000124,11.2623358850825,15.19974482507706,0.5951174344246869,0.0,3,0,ice_patch
9.600000000000119,11.253132720734731,16.120061259853724,0.5702513692880032,0.0,3,0,ice_patch
9.610000000000113,11.243842806756543,17.049052657672288,0.5451096315373424,0.0,3,0,ice_patch
9.620000000000108,11.234465797780459,17.986753555280703,0.5196900178689156,0.0,3,0,ice_patch
9.630000000000102,11.225002548324037,18.933078500922846,0.4939935625114934,0.0,3,0,ice_patch
9.640000000000096,11.215455600518506,19.887773281475802,0.46802589239737097,0.0,3,0,ice_patch
9.650000000000091,11.205829840567239,20.850349276602405,0.44179905710007744,0.0,3,0,ice_patch
9.660000000000085,11.196133374086982,21.81999592462828,0.4153339765906196,0.0,3,0,ice_patch
9.67000000000008,11.186378676921272,22.795465641199062,0.38866366946180864,0.0,3,0,ice_patch
9.680000000000074,11.176584075599003,23.77492577342613,0.3618374197533536,0.0,3,0,ice_patch
9.690000000000069,11.166775588388852,24.75577449444109,0.33492597844855054,0.0,3,0,ice_patch
9.700000000000063,11.156989093511436,25.73442398218245,0.3080277187736393,0.0,3,0,ice_patch
9.710000000000058,11.147272656294227,26.70606770390341,0.2812752896425112,0.0,3,0,ice_patch
9.720000000000052,11.137688612256461,27.664472107679966,0.25484165330578695,0.0,3,0,ice_patch
9.730000000000047,11.128314667777863,28.601866555539956,0.2289434453622095,0.0,3,0,ice_patch
9.740000000000041,11.119242933583863,29.50903997493995,0.20383860255954936,0.0,3,0,ice_patch
9.750000000000036,11.110575697998518,30.375763533474398,0.17981486218721277,0.0,3,0,ice_patch
9.76000000000003,11.102417260653407,31.19160726798564,0.15716713210209707,0.0,3,0,ice_patch
9.770000000000024,11.094862520948212,31.94708123850508,0.1361655582972986,0.0,3,0,ice_patch
9.780000000000019,11.087984846780547,32.63484865527182,0.11702128638602403,0.0,3,0,ice_patch
9.790000000000013,11.081826853924198,33.25064794090684,0.09986011207712354,0.0,3,0,ice_patch
9.800000000000008,11.072881712406035,13.311828759390062,0.6393397191859591,100.0,2,0,ice_patch
9.810000000000002,11.06383110846623,14.216889153370552,0.6145036286076833,0.0,3,0,ice_patch
9.819999999999997,11.054694726634922,15.130527336501538,0.5893909046611735,0.0,3,0,ice_patch
9.829999999999991,11.045470853848784,16.052914615115093,0.563995555440134,0.0,3,0,ice_patch
9.839999999999986,11.036158442372134,16.984155762780006,0.5383133763945112,0.0,3,0,ice_patch
9.84999999999998,11.026757416756912,17.92425832430244,0.5123428135710048,0.0,3,0,ice_patch
9.859999999999975,11.017269093514702,18.873090648523284,0.48608614834597536,0.0,3,0,ice_patch
9.869999999999969,11.007696751907211,19.83032480927239,0.4595511143826735,0.0,3,0,ice_patch
9.879999999999963,10.998046404595533,20.79535954044003,0.432753087900665,0.0,3,0,ice_patch
9.889999999999958,10.988327826772643,21.76721732272901,0.4057180219079191,0.0,3,0,ice_patch
9.899999999999952,10.978555907546925,22.744409245300716,0.3784863117653118,0.0,3,0,ice_patch
9.909999999999947,10.968752378648713,23.724762135122194,0.3511177575317382,0.0,3,0,ice_patch
9.919999999999941,10.958947935944439,24.705206405549877,0.3236976792858322,0.0,3,0,ice_patch
9.929999999999936,10.949184670932127,25.681532906780895,0.29634396499969057,0.0,3,0,ice_patch
9.93999999999993,10.939518535836571,26.648146416336395,0.2692142804354631,0.0,3,0,ice_patch
9.949999999999925,10.930021249886256,27.5978750113676,0.2425117651535728,0.0,3,0,ice_patch
9.95999999999992,10.920780648199822,28.521935180011127,0.21648636396576632,0.0,3,0,ice_patch
9.969999999999914,10.911898155875914,29.41018441240172,0.19142799926432452,0.0,3,0,ice_patch
9.979999999999908,10.903482217185536,30.251778281439513,0.16764816013296738,0.0,3,0,ice_patch
9.989999999999903,10.895637553936528,31.03624460634012,0.14544942085210294,0.0,3,0,ice_patch
9.999999999999897,10.888452053634872,31.754794636505817,0.125087905606238,0.0,3,0,ice_patch
10.009999999999891,10.881984931250777,32.401506874915306,0.10673906241502942,0.0,3,0,ice_patch
10.019999999999886,10.876260040084018,32.973995991591124,0.09047790683377961,0.0,3,0,ice_patch
10.02999999999988,10.867398510674752,13.026815599184527,0.6403882055197855,100.0,2,0,ice_patch
10.039999999999875,10.858350778592072,13.931588807452604,0.6150910274075981,0.0,3,0,ice_patch
10.04999999999987,10.849215695004414,14.84509716621826,0.5895068109009823,0.0,3,0,ice_patch
10.059999999999864,10.839991474049231,15.767519261736442,0.56362919750951,0.0,3,0,ice_patch
10.069999999999858,10.830677032725047,16.698963394154898,0.5374537526038657,0.0,3,0,ice_patch
10.079999999999853,10.8212723224252,17.6394344241399,0.5109789154575128,0.0,3,0,ice_patch
10.089999999999847,10.81177878485719,18.588788180941258,0.48420731081800084,0.0,3,0,ice_patch
10.099999999999842,10.802199975600331,19.546669106626887,0.45714754908875177,0.0,3,0,ice_patch
10.109999999999836,10.792542410341767,20.51242563248306,0.4298166775005476,0.0,3,0,ice_patch
10.11999999999983,10.782816699920616,21.484996674598214,0.40224347851272324,0.0,3,0,ice_patch
10.129999999999825,10.77303904536444,22.462762130215662,0.3744728288194252,0.0,3,0,ice_patch
10.13999999999982,10.76323315175892,23.44335149076765,0.3465712998996992,0.0,3,0,ice_patch
10.149999999999814,10.753432568774253,24.423409789234345,0.3186340370937495,0.0,3,0,ice_patch
10.159999999999808,10.743683341641082,25.398332502551316,0.29079259798795165,0.0,3,0,ice_patch
10.169999999999803,10.734046616051627,26.362005061497094,0.2632227340411719,0.0,3,0,ice_patch
10.179999999999797,10.724600458052462,27.306620861413695,0.23614998148735367,0.0,3,0,ice_patch
10.189999999999792,10.715439686184741,28.22269804818599,0.2098495570487947,0.0,3,0,ice_patch
10.199999999999786,10.706672221449258,29.09944452173438,0.18463616182894219,0.0,3,0,ice_patch
10.20999999999978,10.698410825365848,29.92558413007552,0.1608402980995403,0.0,3,0,ice_patch
10.219999999999775,10.690760563381405,30.690610328519714,0.13877192890346113,0.0,3,0,ice_patch
10.22999999999977,10.683804637702327,31.38620289642729,0.11867904850109894,0.0,3,0,ice_patch
10.239999999999764,10.677592968401797,32.00736982648062,0.10071389906320555,0.0,3,0,ice_patch
10.249999999999758,10.672137391774129,32.552927489247644,0.08491824193515003,0.0,3,0,ice_patch
10.259999999999753,10.663328101234665,12.60052320986059,0.6454993293772432,100.0,2,0,ice_patch
10.269999999999747,10.654297124118248,13.503620921502336,0.6197697295976275,0.0,3,0,ice_patch
10.279999999999742,10.645177505692521,14.415582764075067,0.5937432863933086,0.0,3,0,ice_patch
10.289999999999736,10.635967291507324,15.33660418259457,0.5674129932260894,0.0,3,0,ice_patch
10.29999999999973,10.626665223999266,16.266810933400503,0.5407737820704976,0.0,3,0,ice_patch
10.309999999999725,10.617271083136608,17.206225019666338,0.5138235177871189,0.0,3,0,ice_patch
10.31999999999972,10.607786158070747,18.154717526252355,0.4865643804733094,0.0,3,0,ice_patch
10.329999999999714,10.598213896615873,19.111943671739528,0.45900477595072364,0.0,3,0,ice_patch
10.339999999999709,10.588560792707378,20.077254062588782,0.43116195518044764,0.0,3,0,ice_patch
10.349999999999703,10.578837584896338,21.04957484369307,0.4030655634486896,0.0,3,0,ice_patch
10.359999999999697,10.569060845578496,22.027248775477233,0.3747623625984081,0.0,3,0,ice_patch
10.369999999999692,10.559255028270215,23.007830506305424,0.34632233681144936,0.0,3,0,ice_patch
10.379999999999686,10.549454984458961,23.987834887430832,0.3178462321673842,0.0,3,0,ice_patch
10.38999999999968,10.539708822407336,24.9624510925932,0.28947417296225786,0.0,3,0,ice_patch
10.399999999999675,10.530080706861437,25.925262647183207,0.26139418959181726,0.0,3,0,ice_patch
10.40999999999967,10.520652760921315,26.86805724119524,0.23384818836538582,0.0,3,0,ice_patch
10.419999999999664,10.511524704874239,27.7808628459031,0.2071313070399484,0.0,3,0,ice_patch
10.429999999999659,10.50280956154533,28.652377178793927,0.1815796427357626,0.0,3,0,ice_patch
10.439999999999653,10.494624252816305,29.470908051696213,0.1575427378320623,0.0,3,0,ice_patch
10.449999999999648,10.48707569586958,30.225763746368692,0.13534245514390567,0.0,3,0,ice_patch
10.459999999999642,10.480245649674293,30.908768365897473,0.11522775135929969,0.0,3,0,ice_patch
10.469999999999636,10.474179289934854,31.515404339840988,0.09734013136115603,0.0,3,0,ice_patch
10.479999999999631,10.465259844500991,11.57401554989409,0.6682161058052744,100.0,2,0,ice_patch
10.489999999999625,10.45630518818875,12.469481181118184,0.6422403241863059,0.0,3,0,ice_patch
10.49999999999962,10.447262272230857,13.373772776907604,0.6159633281403636,0.0,3,0,ice_patch
10.509999999999614,10.438128647411677,14.28713525882557,0.5893765326689572,0.0,3,0,ice_patch
10.519999999999609,10.428902376921963,15.209762307797092,0.5624727773426668,0.0,3,0,ice_patch
10.529999999999603,10.419582315437331,16.141768456260348,0.5352471538419001,0.0,3,0,ice_patch
10.539999999999598,10.410168499480998,17.083150051893696,0.5076981687833761,0.0,3,0,ice_patch
10.549999999999592,10.400662690865948,18.03373091339847,0.4798293690679147,0.0,3,0,ice_patch
10.559999999999587,10.391069128677902,18.993087132203044,0.4516515991664966,0.0,3,0,ice_patch
10.569999999999581,10.381395560705638,19.960443929429616,0.4231861078972447,0.0,3,0,ice_patch
10.579999999999576,10.371654639103225,20.93453608967094,0.39446876651454843,0.0,3,0,ice_patch
10.58999999999957,10.36186576890354,21.91342310963944,0.36555567505798003,0.0,3,0,ice_patch
10.599999999999564,10.352057473665933,22.894252633399972,0.3365303653412044,0.0,3,0,ice_patch
10.609999999999559,10.342270256300704,23.872974369922805,0.307512554449669,0.0,3,0,ice_patch
10.619999999999553,10.332559732352465,24.84402676474664,0.2786678013496387,0.0,3,0,ice_patch
10.629999999999548,10.322999439095296,25.800056090463677,0.2502162890926753,0.0,3,0,ice_patch
10.639999999999542,10.31368216892858,26.731783107135488,0.22243726335676461,0.0,3,0,ice_patch
10.649999999999537,10.30471811079551,27.628188920442376,0.19566390977260276,0.0,3,0,ice_patch
10.659999999999531,10.296228004904119,28.477199509581475,0.1702631440557344,0.0,3,0,ice_patch
10.669999999999526,10.288330649309405,29.266935069053,0.14659813919323678,0.0,3,0,ice_patch
10.67999999999952,10.281126695890192,29.987330410974078,0.12497925671041575,0.0,3,0,ice_patch
10.689999999999515,10.274683520665851,30.63164793340851,0.10561776802765928,0.0,3,0,ice_patch
10.699999999999509,10.269026627510412,31.19733724895249,0.08859899636322587,0.0,3,0,ice_patch
10.709999999999503,10.26018398411129,11.248268255531421,0.6711091651099943,100.0,2,0,ice_patch
10.719999999999498,10.251238265019314,12.142840164729106,0.6446427294691439,0.0,3,0,ice_patch
10.729999999999492,10.242202766716991,13.046389994961489,0.6178637459505205,0.0,3,0,ice_patch
10.739999999999487,10.233074907694983,13.959175897162345,0.5907630104417948,0.0,3,0,ice_patch
10.749999999999481,10.223852632954847,14.88140337117578,0.5633328089097809,0.0,3,0,ice_patch
10.759999999999476,10.214534710095705,15.813195657089684,0.5355678127523387,0.0,3,0,ice_patch
10.76999999999947,10.205121146356436,16.754552031016633,0.5074663458454319,0.0,3,0,ice_patch
10.779999999999465,10.195613773147238,17.70528935193653,0.47903216777685487,0.0,3,0,ice_patch
10.78999999999946,10.18601706020675,18.664960645985705,0.45027696687540636,0.0,3,0,ice_patch
10.799999999999454,10.176339239218354,19.63274274482516,0.42122381290622685,0.0,3,0,ice_patch
10.809999999999448,10.166593832512648,20.60728341539582,0.39191187073411055,0.0,3,0,ice_patch
10.819999999999443,10.156801686085183,21.586498058142272,0.362402691556464,0.0,3,0,ice_patch
10.829999999999437,10.1469935753539,22.56730913127072,0.33278830925591774,0.0,3,0,ice_patch
10.839999999999431,10.13721334539633,23.545332127027784,0.3032010477202625,0.0,3,0,ice_patch
10.849999999999426,10.127521300806189,24.514536586041764,0.27382419079907594,0.0,3,0,ice_patch
10.85999999999942,10.11799710632106,25.466956034554748,0.24490126552878733,0.0,3,0,ice_patch
10.869999999999415,10.10874080553842,26.392586112818833,0.2167396527263193,0.0,3,0,ice_patch
10.87999999999941,10.099869960685156,27.279670598145273,0.189702321782329,0.0,3,0,ice_patch
10.889999999999404,10.091511013706974,28.11556529596334,0.1641816991199374,0.0,3,0,ice_patch
10.899999999999398,10.083784605468903,28.888206119770572,0.14055464540258544,0.0,3,0,ice_patch
10.909999999999393,10.076787795652024,29.587887101458346,0.1191274133739805,0.0,3,0,ice_patch
10.919999999999387,10.070579041259602,30.208762540700704,0.1000886120768006,0.0,3,0,ice_patch
10.929999999999382,10.06517159306715,30.749507359945827,0.08348783498755363,0.0,3,0,ice_patch
10.939999999999376,10.056376664667882,10.795666866539333,0.6779456291309509,100.0,2,0,ice_patch
10.94999999999937,10.047453026825293,11.688030650798565,0.6510151193662764,0.0,3,0,ice_patch
10.959999999999365,10.038438460611168,12.58948727221093,0.6237615843855725,0.0,3,0,ice_patch
10.96999999999936,10.029330185934445,13.500314739883365,0.5961749840836796,0.0,3,0,ice_patch
10.979999999999354,10.020125926973153,14.420740636012544,0.5682467244091198,0.0,3,0,ice_patch
10.989999999999348,10.010824211107296,15.35091222259787,0.539970578879042,0.0,3,0,ice_patch
10.999999999999343,10.001424793324677,16.290854000859845,0.5113440033544131,0.0,3,0,ice_patch
11.009999999999337,9.991929255756043,17.240407757723286,0.48237000133507896,0.0,3,0,ice_patch
11.019999999999332,9.982341849349607,18.199148398366596,0.45305975272068,0.0,3,0,ice_patch
11.029999999999326,9.972670664850414,19.166266848285986,0.4234362842491358,0.0,3,0,ice_patch
11.03999999999932,9.962929239115365,20.14040942179072,0.3935395222104666,0.0,3,0,ice_patch
11.049999999999315,9.953138709297923,21.119462403535127,0.36343309320689077,0.0,3,0,ice_patch
11.05999999999931,9.943330596890704,22.100273644256877,0.33321314938977276,0.0,3,0,ice_patch
11.069999999999304,9.933550188732442,23.078314460083057,0.3030191415473805,0.0,3,0,ice_patch
11.079999999999298,9.92386020808539,24.047312524788204,0.2730456086474544,0.0,3,0,ice_patch
11.089999999999293,9.914343954809262,24.998937852401173,0.2435524337359309,0.0,3,0,ice_patch
11.099999999999287,9.905106345809942,25.92269875233293,0.21486863904397915,0.0,3,0,ice_patch
11.109999999999282,9.896270602172077,26.806273116119453,0.1873825748994002,0.0,3,0,ice_patch
11.119999999999276,9.88796848954437,27.636484378889868,0.16151175821060895,0.0,3,0,ice_patch
11.12999999999927,9.88032400170297,28.400933163029663,0.13765176653717578,0.0,3,0,ice_patch
11.139999999999265,9.873434110826057,29.08992225072076,0.11611536804127323,0.0,3,0,ice_patch
11.14999999999926,9.86735332972832,29.698000360494255,0.09708309711520387,0.0,3,0,ice_patch
11.159999999999254,9.858445913506584,9.755408649334532,0.7031355022406995,100.0,2,0,ice_patch
11.169999999999249,9.849604651095015,10.639534890491362,0.6759402452978092,0.0,3,0,ice_patch
11.179999999999243,9.840673459821854,11.53265401780754,0.6484187571645229,0.0,3,0,ice_patch
11.189999999999237,9.831649154946954,12.435084505297565,0.6205595528485477,0.0,3,0,ice_patch
11.199999999999232,9.822528883724559,13.34711162753692,0.5923520779973754,0.0,3,0,ice_patch
11.209999999999226,9.81331036196816,14.268963803176787,0.5637874495906089,0.0,3,0,ice_patch
11.21999999999922,9.80399221390244,15.200778609748669,0.5348595262593117,0.0,3,0,ice_patch
11.229999999999215,9.794574457871589,16.14255421283352,0.5055664455173876,0.0,3,0,ice_patch
11.23999999999921,9.78505919680804,17.094080319188308,0.4759128184498509,0.0,3,0,ice_patch
11.249999999999204,9.775451593050862,18.054840694906325,0.44591284024951594,0.0,3,0,ice_patch
11.259999999999199,9.765761230571693,19.02387694282304,0.4155946527772304,0.0,3,0,ice_patch
11.269999999999193,9.756003987825368,19.999601217455616,0.38500636400682026,0.0,3,0,ice_patch
11.279999999999188,9.746204545292773,20.97954547071487,0.35422413802568153,0.0,3,0,ice_patch
11.289999999999182,9.736399598349719,21.96004016502028,0.3233626061708964,0.0,3,0,ice_patch
11.299999999999176,9.726641673325451,22.935832667447173,0.2925873049169616,0.0,3,0,ice_patch
11.309999999999171,9.717003056241476,23.89969437584477,0.26212760547111097,0.0,3,0,ice_patch
11.319999999999165,9.707578657491736,24.84213425081885,0.23228638796615386,0.0,3,0,ice_patch
11.32999999999916,9.698485739209298,25.751426079062657,0.2034397913803976,0.0,3,0,ice_patch
11.339999999999154,9.689857862479274,26.614213752065382,0.1760184474391518,0.0,3,0,ice_patch
11.349999999999149,9.6818312745662,27.41687254337255,0.1504642531192744,0.0,3,0,ice_patch
11.359999999999143,9.674525161470946,28.147483852898116,0.12716696531020807,0.0,3,0,ice_patch
11.369999999999138,9.668021639518225,28.797836048170122,0.10639930933361548,0.0,3,0,ice_patch
11.379999999999132,9.66235336951296,29.364663048696592,0.08827605680364155,0.0,3,0,ice_patch
11.389999999999127,9.653521129122808,9.414553754378526,0.7074263278097572,100.0,2,0,ice_patch
11.399999999999121,9.644692996627935,10.297367003865956,0.6796984515484459,0.0,3,0,ice_patch
11.409999999999116,9.635773482110347,11.189318455624926,0.6516319584598308,0.0,3,0,ice_patch
11.41999999999911,9.626759233540199,12.090743312639942,0.6232145308927513,0.0,3,0,ice_patch
11.429999999999104,9.617647229204374,13.00194374622235,0.5944347894126927,0.0,3,0,ice_patch
11.439999999999099,9.608435025591346,13.92316410752552,0.5652830850047208,0.0,3,0,ice_patch
11.449999999999093,9.599121116459886,14.854555020671613,0.5357526535882514,0.0,3,0,ice_patch
11.459999999999088,9.589705450123464,15.796121654313598,0.5058412877286999,0.0,3,0,ice_patch
11.469999999999082,9.580190170550878,16.747649611572314,0.4755537422507357,0.0,3,0,ice_patch
11.479999999999077,9.57058067160081,17.70859950657914,0.44490516988817774,0.0,3,0,ice_patch
11.489999999999071,9.560887080802857,18.67795858637475,0.41392597480171356,0.0,3,0,ice_patch
11.499999999999066,9.551126312345433,19.654035432117073,0.3826685527115375,0.0,3,0,ice_patch
11.50999999999906,9.541324828962555,20.634183770404874,0.3512163937306661,0.0,3,0,ice_patch
11.519999999999055,9.531522186340988,21.614448032561608,0.3196958174151066,0.0,3,0,ice_patch
11.529999999999049,9.521775221391678,22.589144527492376,0.28828992486369137,0.0,3,0,ice_patch
11.539999999999043,9.512162270391899,23.550439627470116,0.2572528004245293,0.0,3,0,ice_patch
11.549999999999038,9.502785975198647,24.488069146795358,0.22691926733780438,0.0,3,0,ice_patch
11.559999999999032,9.49377220421092,25.389446245567786,0.19770206090557732,0.0,3,0,ice_patch
11.569999999999027,9.485262116971215,26.240454969538046,0.17006653123729354,0.0,3,0,ice_patch
11.579999999999021,9.477395813656896,27.027085300970366,0.14447747569988295,0.0,3,0,ice_patch
11.589999999999016,9.470290160049615,27.737650661698606,0.12132626795185902,0.0,3,0,ice_patch
11.59999999999901,9.46401829548503,28.3648371181571,0.10086277627900325,0.0,3,0,ice_patch
11.609999999999005,9.458599381611977,28.906728505462155,0.08316039174917238,0.0,3,0,ice_patch
11.619999999999,9.449814515867892,8.951881746537346,0.7158076997753056,100.0,2,0,ice_patch
11.629999999998994,9.441012650403353,9.832068292991341,0.6875737172355781,0.0,3,0,ice_patch
11.639999999998988,9.43211841692229,10.721491641097694,0.6589899161402981,0.0,3,0,ice_patch
11.649999999998983,9.423128255817442,11.620507751582466,0.630042993066285,0.0,3,0,ice_patch
11.659999999998977,9.414038906061117,12.52944272721492,0.6007204924823079,0.0,3,0,ice_patch
11.669999999998971,9.404847651492535,13.448568184073338,0.5710116096796399,0.0,3,0,ice_patch
11.679999999998966,9.395552680995435,14.378065233783493,0.5409083726538104,0.0,3,0,ice_patch
11.68999999999896,9.386153612131334,15.317972120193465,0.5104073696259747,0.0,3,0,ice_patch
11.699999999998955,9.376652248107415,16.268108522585504,0.47951225793185215,0.0,3,0,ice_patch
11.70999999999895,9.367053664403608,17.2279668929662,0.44823738039095273,0.0,3,0,ice_patch
11.719999999998944,9.357367752482963,18.1965580850305,0.4166129225753021,0.0,3,0,ice_patch
11.729999999998938,9.347611376465364,19.17219568679028,0.3846921449346804,0.0,3,0,ice_patch
11.739999999998933,9.3378113037045,20.152202962876707,0.3525612488587582,0.0,3,0,ice_patch
11.749999999998927,9.328008004183964,21.132532914930355,0.3203522261520912,0.0,3,0,ice_patch
11.759999999998922,9.318260184648857,22.107314868441023,0.2882582875869515,0.0,3,0,ice_patch
11.769999999998916,9.308649393044442,23.06839402888236,0.25654969733462957,0.0,3,0,ice_patch
11.77999999999891,9.29928308511983,24.005024821343582,0.22558466276540118,0.0,3,0,ice_patch
11.789999999998905,9.290293355700406,24.903997763286103,0.19580587577446112,0.0,3,0,ice_patch
11.7999999999989,9.281827981818816,25.750535151445234,0.16771129991144376,0.0,3,0,ice_patch
11.809999999998894,9.274032150335733,26.530118299753603,0.14179341187231578,0.0,3,0,ice_patch
11.819999999998888,9.267024152623932,27.23091807093379,0.11845752350100124,0.0,3,0,ice_patch
11.829999999998883,9.260873844811458,27.845948852180975,0.09794855262663746,0.0,3,0,ice_patch
11.839999999998877,9.25197714611851,7.902285388142296,0.7437644322935596,100.0,2,0,ice_patch
11.849999999998872,9.243263263309052,8.77367366908829,0.7152410327665811,0.0,3,0,ice_patch
11.859999999998866,9.234458652283877,9.65413477160581,0.6863659754689094,0.0,3,0,ice_patch
11.86999999999886,9.225559458302877,10.54405416970585,0.6571247234155643,0.0,3,0,ice_patch
11.879999999998855,9.216561973591963,11.443802640797163,0.6275030969166094,0.0,3,0,ice_patch
11.88999999999885,9.207462823948273,12.353717605166027,0.5974878908106652,0.0,3,0,ice_patch
11.899999999998844,9.19825924594366,13.274075405627583,0.5670677988941881,0.0,3,0,ice_patch
11.909999999998838,9.18894949552516,14.205050447478008,0.5362347854541286,0.0,3,0,ice_patch
11.919999999998833,9.179533446639041,15.146655336090118,0.5049861055312396,0.0,3,0,ice_patch
11.929999999998827,9.170013462987255,16.098653701269008,0.47332726065514447,0.0,3,0,ice_patch
11.939999999998822,9.160395657760631,17.060434223931352,0.4412762877940368,0.0,3,0,ice_patch
11.949999999998816,9.150691692698507,18.03083073014394,0.40886990834153947,0.0,3,0,ice_patch
11.95999999999881,9.140921298266116,19.00787017338304,0.3761721749976606,0.0,3,0,ice_patch
11.969999999998805,9.131115691129255,19.98843088706921,0.3432862457381519,0.0,3,0,ice_patch
11.9799999999988,9.121321955836367,20.967804416357865,0.31036955439530084,0.0,3,0,ice_patch
11.989999999998794,9.111608118804174,21.939188119577267,0.2776515023412812,0.0,3,0,ice_patch
11.999999999998789,9.10206790124291,22.89320987570387,0.24545026061898265,0.0,3,0,ice_patch
12.009999999998783,9.092822912184872,23.817708781507747,0.21418104108491753,0.0,3,0,ice_patch
12.019999999998777,9.084018742201495,24.698125779845398,0.18434363201699475,0.0,3,0,ice_patch
12.029999999998772,9.075811453190303,25.518854680964544,0.15647692288734477,0.0,3,0,ice_patch
12.039999999998766,9.068344318315228,26.26556816847213,0.13107948111022194,0.0,3,0,ice_patch
12.04999999999876,9.061721223567616,26.927877643233156,0.10851778666950869,0.0,3,0,ice_patch
12.059999999998755,9.05598794585486,27.50120541450907,0.08896062211201299,0.0,3,0,ice_patch
12.06999999999875,9.047165361321166,7.55013053454498,0.7496410124162107,100.0,2,0,ice_patch
12.079999999998744,9.038468908777364,8.419775788925246,0.7205353293604174,0.0,3,0,ice_patch
12.089999999998739,9.029680395429548,9.298627123707114,0.6910645764910895,0.0,3,0,ice_patch
12.099999999998733,9.020795777261815,10.187088940480255,0.6612131836697297,0.0,3,0,ice_patch
12.109999999998728,9.011811142421086,11.08555242455307,0.6309658874550651,0.0,3,0,ice_patch
12.119999999998722,9.002722903663953,11.994376300266708,0.6003083812992221,0.0,3,0,ice_patch
12.129999999998716,8.993528087212317,12.91385794543028,0.5692282999440835,0.0,3,0,ice_patch
12.139999999998711,8.984224762652161,13.844190401446037,0.5377166945222595,0.0,3,0,ice_patch
12.149999999998705,8.97481267860608,14.785398806054033,0.5057702260026304,0.0,3,0,ice_patch
12.1599999999987,8.965294196806669,15.737246985995045,0.4733944037798403,0.0,3,0,ice_patch
12.169999999998694,8.955675653759831,16.699101290678872,0.4406083269551591,0.0,3,0,ice_patch
12.179999999998689,8.945969321691564,17.669734497505814,0.40745153949964463,0.0,3,0,ice_patch
12.189999999998683,8.936196176152388,18.647049051423473,0.3739937435174268,0.0,3,0,ice_patch
12.199999999998678,8.926389670202761,19.627699646386134,0.3403481013637972,0.0,3,0,ice_patch
12.209999999998672,8.916600581352823,20.606608531380182,0.30668840630336647,0.0,3,0,ice_patch
12.219999999998667,8.906902581691828,21.57640849747962,0.2732689630456942,0.0,3,0,ice_patch
12.229999999998661,8.89739727438668,22.526939227994625,0.2404428441277802,0.0,3,0,ice_patch
12.239999999998656,8.88821597115343,23.445069551319918,0.20866899631791572,0.0,3,0,ice_patch
12.24999999999865,8.87951405627619,24.315261039043936,0.17849352278943126,0.0,3,0,ice_patch
12.259999999998644,8.871454256245572,25.121241042105584,0.15049189287922993,0.0,3,0,ice_patch
12.269999999998639,8.86417978086978,25.848688579684936,0.12517494391967585,0.0,3,0,ice_patch
12.279999999998633,8.85778609051876,26.488057614787014,0.1028890059851605,0.0,3,0,ice_patch
12.289999999998628,8.852304143232807,27.036252343382348,0.08375541872732557,0.0,3,0,ice_patch
12.299999999998622,8.843529432322457,7.08039010108397,0.7598111651484194,100.0,2,0,ice_patch
12.309999999998617,8.834863507074303,7.946982625899344,0.7301492223551844,0.0,3,0,ice_patch
12.319999999998611,8.826104742846402,8.822859048689491,0.700110321401733,0.0,3,0,ice_patch
12.329999999998606,8.817248891575241,9.708444175805646,0.6696777772118263,0.0,3,0,ice_patch
12.3399999999986,8.808291799404724,10.604153392857436,0.638835078321063,0.0,3,0,ice_patch
12.349999999998595,8.799229593802488,11.510373953080945,0.6075665319204315,0.0,3,0,ice_patch
12.359999999998589,8.790058967961778,12.427436537152014,0.5758582536551403,0.0,3,0,ice_patch
12.369999999998583,8.780777608856159,13.355572447714081,0.5436996684356115,0.0,3,0,ice_patch
12.379999999998578,8.771384836917763,14.294849641553949,0.5110857667062373,0.0,3,0,ice_patch
12.389999999998572,8.76188255579523,15.245077753807479,0.4780204713977532,0.0,3,0,ice_patch
12.399999999998567,8.752276651485253,16.205668184805088,0.44452162002711604,0.0,3,0,ice_patch
12.409999999998561,8.742579029250424,17.175430408288207,0.41062824765471506,0.0,3,0,ice_patch
12.419999999998556,8.732810521449483,18.152281188381945,0.37641102562125656,0.0,3,0,ice_patch
12.42999999999855,8.723004900996017,19.13284323372889,0.34198673103310134,0.0,3,0,ice_patch
12.439999999998545,8.713214100967601,20.11192323657047,0.30753716125245756,0.0,3,0,ice_patch
12.44999999999854,8.703514290756376,21.081904257692933,0.27333131583124626,0.0,3,0,ice_patch
12.459999999998534,8.694011439807836,22.0321893525469,0.23974601925412659,0.0,3,0,ice_patch
12.469999999998528,8.684843308238898,22.949002509440838,0.2072740395556633,0.0,3,0,ice_patch
12.479999999998522,8.676173134240656,23.816019909265382,0.17650260521167763,0.0,3,0,ice_patch
12.489999999998517,8.668170879536857,24.61624537964527,0.1480470659239984,0.0,3,0,ice_patch
12.499999999998511,8.660983451366747,25.33498819665628,0.12244417719127643,0.0,3,0,ice_patch
12.509999999998506,8.654704356789207,25.962897654410334,0.10004213024179164,0.0,3,0,ice_patch
12.5199999999985,8.649357309969236,26.49760233640717,0.08093972580369393,0.0,3,0,ice_patch
12.529999999998495,8.64061227483517,6.538772516480363,0.7729753757546621,100.0,2,0,ice_patch
12.53999999999849,8.631985583345006,7.401441665496695,0.7427668897022691,0.0,3,0,ice_patch
12.549999999998484,8.623265678042985,8.273432195698652,0.7121705683927295,0.0,3,0,ice_patch
12.559999999998478,8.614448105299712,9.155189470025787,0.6811685661768603,0.0,3,0,ice_patch
12.569999999998473,8.605528453863512,10.04715461364563,0.6497430227262259,0.0,3,0,ice_patch
12.579999999998467,8.59650252926416,10.949747073580555,0.617876675904922,0.0,3,0,ice_patch
12.589999999998462,8.5873666228797,11.86333771202704,0.585553817613224,0.0,3,0,ice_patch
12.599999999998456,8.578117922153266,12.788207784670504,0.5527617631026774,0.0,3,0,ice_patch
12.60999999999845,8.568755130895333,13.724486910463927,0.5194930873571405,0.0,3,0,ice_patch
12.619999999998445,8.559279400893821,14.672059910615166,0.48574900210350636,0.0,3,0,ice_patch
12.62999999999844,8.549695720476636,15.630427952333363,0.451544412923435,0.0,3,0,ice_patch
12.639999999998434,8.540014961488623,16.598503851134865,0.41691540614438616,0.0,3,0,ice_patch
12.649999999998428,8.530256842439712,17.574315756026312,0.3819301312737518,0.0,3,0,ice_patch
12.659999999998423,8.520454084798592,18.554591520138384,0.34670413094854513,0.0,3,0,ice_patch
12.669999999998417,8.510657925512023,19.53420744879551,0.3114207754641854,0.0,3,0,ice_patch
12.679999999998412,8.500944703652943,20.505529634703475,0.27635585163051213,0.0,3,0,ice_patch
12.689999999998406,8.491422160341555,21.457783965842395,0.2419014073028038,0.0,3,0,ice_patch
12.6999999999984,8.482232196050882,22.37678039490983,0.20857694492277973,0.0,3,0,ice_patch
12.709999999998395,8.473544797898503,23.245520210147816,0.1770084150881153,0.0,3,0,ice_patch
12.71999999999839,8.465538215005656,24.046178499432486,0.14785647803907226,0.0,3,0,ice_patch
12.729999999998384,8.458366580546567,24.76334194534141,0.12169772817739818,0.0,3,0,ice_patch
12.739999999998378,8.452126661444494,25.38733385554898,0.09890132250300868,0.0,3,0,ice_patch
12.749999999998373,8.443259994204567,5.440667246207955,0.8066860223441271,100.0,2,0,ice_patch
12.759999999998367,8.434732463085078,6.293420358156757,0.7761605224931503,0.0,3,0,ice_patch
12.769999999998362,8.426114400999099,7.155226566754623,0.7452481810866626,0.0,3,0,ice_patch
12.779999999998356,8.417401216996247,8.026544967039815,0.7139302941566058,0.0,3,0,ice_patch
12.78999999999835,8.408588239140505,8.907842752613789,0.6821876931320288,0.0,3,0,ice_patch
12.799999999998345,8.399670833030946,9.799583363569727,0.6500011646277702,0.0,3,0,ice_patch
12.80999999999834,8.39064459039975,10.702207626689054,0.6173521290986116,0.0,3,0,ice_patch
12.819999999998334,8.38150562331934,11.616104334730233,0.5842237114625991,0.0,3,0,ice_patch
12.829999999998329,8.372251017430054,12.541564923658669,0.5506024043874729,0.0,3,0,ice_patch
12.839999999998323,8.362879524152767,13.478714251387508,0.516480625634039,0.0,3,0,ice_patch
12.849999999998317,8.353392610351232,14.427405631541047,0.4818606174335763,0.0,3,0,ice_patch
12.859999999998312,8.343796037127493,15.387062953914848,0.4467603395823613,0.0,3,0,ice_patch
12.869999999998306,8.334102205999233,16.356446066740858,0.411222265010136,0.0,3,0,ice_patch
12.8799999999983,8.324333575289804,17.333309137683674,0.375326241521494,0.0,3,0,ice_patch
12.889999999998295,8.314527460110767,18.313920655587253,0.339207643124077,0.0,3,0,ice_patch
12.89999999999829,8.30474235359551,19.2924313071129,0.3030814026845646,0.0,3,0,ice_patch
12.909999999998284,8.295065277918745,20.260138874789547,0.26727018307903394,0.0,3,0,ice_patch
12.919999999998279,8.285618214059115,21.204845260752567,0.2322294590605689,0.0,3,0,ice_patch
12.929999999998273,8.27655927025455,22.110739641209058,0.19855320601616275,0.0,3,0,ice_patch
12.939999999998268,8.268072207642962,22.95944590236773,0.16693594374475335,0.0,3,0,ice_patch
12.949999999998262,8.260339901709957,23.732676495668628,0.13807385247830636,0.0,3,0,ice_patch
12.959999999998256,8.253506599660867,24.416006700578087,0.11252242647090159,0.0,3,0,ice_patch
12.969999999998251,8.247645537441517,25.002112922512946,0.09057271645543617,0.0,3,0,ice_patch
12.979999999998245,8.238846012573692,5.0487320759623255,0.8161611929052728,100.0,2,0,ice_patch
12.98999999999824,8.230344897632419,5.898843570089828,0.7849843362535128,0.0,3,0,ice_patch
12.999999999998234,8.221752310378067,6.758102295525059,0.7534064987462157,0.0,3,0,ice_patch
13.009999999998229,8.213063465297571,7.626986803574483,0.7214077243235519,0.0,3,0,ice_patch
13.019999999998223,8.204273465481213,8.505986785209991,0.6889674574720768,0.0,3,0,ice_patch
13.029999999998218,8.195377418806556,9.395591452675793,0.6560649629955413,0.0,3,0,ice_patch
13.039999999998212,8.186370626193522,10.29627071397924,0.6226800183819637,0.0,3,0,ice_patch
13.049999999998207,8.177248879618627,11.208445371468732,0.5887940234005152,0.0,3,0,ice_patch
13.059999999998201,8.16800892713935,12.132440619396592,0.5543917473295776,0.0,3,0,ice_patch
13.069999999998196,8.158649191603471,13.06841417298409,0.5194640485424891,0.0,3,0,ice_patch
13.07999999999819,8.149170872993713,14.016246033960057,0.48401206997353124,0.0,3,0,ice_patch
13.089999999998184,8.139579625169375,14.975370816393712,0.44805365242377276,0.0,3,0,ice_patch
13.099999999998179,8.129888075399192,15.944525793412247,0.41163301466621943,0.0,3,0,ice_patch
13.109999999998173,8.120119532862748,16.921380047056466,0.37483506325586696,0.0,3,0,ice_patch
13.119999999998168,8.11031324990659,17.902008342672126,0.33780578661823035,0.0,3,0,ice_patch
13.129999999998162,8.10053139879816,18.880193453515197,0.3007794480131378,0.0,3,0,ice_patch
13.139999999998157,8.090867180044947,19.846615328836588,0.2641104511843068,0.0,3,0,ice_patch
13.149999999998151,8.081451723437521,20.788160989579033,0.22830098968642007,0.0,3,0,ice_patch
13.159999999998146,8.072454596286653,21.687873704665567,0.19400449593205374,0.0,3,0,ice_patch
13.16999999999814,8.064070524284233,22.52628090490757,0.16197604533324686,0.0,3,0,ice_patch
13.179999999998135,8.05648801012003,23.284532321328246,0.1329522631171392,0.0,3,0,ice_patch
13.189999999998129,8.049847344378483,23.94859889548289,0.10748870614768447,0.0,3,0,ice_patch
13.199999999998123,8.044208300612258,24.512503272105583,0.08583284932191919,0.0,3,0,ice_patch
13.209999999998118,8.035453652407964,4.554634759201524,0.829954787014297,100.0,2,0,ice_patch
13.219999999998112,8.026990853403506,5.400914659647398,0.7981467242849529,0.0,3,0,ice_patch
13.229999999998107,8.01843624282728,6.256375717270082,0.7659253427549572,0.0,3,0,ice_patch
13.239999999998101,8.009784856803188,7.121514319679397,0.7332694530379051,0.0,3,0,ice_patch
13.249999999998096,8.001031577174732,7.996842282525119,0.7001570782945626,0.0,3,0,ice_patch
13.25999999999809,7.992171237678374,8.882876232161113,0.666565844199499,0.0,3,0,ice_patch
13.269999999998085,7.983198800293292,9.780119970669123,0.6324736406297506,0.0,3,0,ice_patch
13.27999999999808,7.974109639670471,10.68903603295134,0.5978597041189017,0.0,3,0,ice_patch
13.289999999998074,7.9648999938545435,11.610000614544175,0.5627063507325112,0.0,3,0,ice_patch
13.299999999998068,7.955567670511852,12.543232948813346,0.527001712449528,0.0,3,0,ice_patch
13.309999999998062,7.946113144305579,13.488685569440664,0.49074401567864445,0.0,3,0,ice_patch
13.319999999998057,7.936541247887036,14.445875211294878,0.4539482089200695,0.0,3,0,ice_patch
13.329999999998051,7.9268637474520744,15.41362525479103,0.41665610463865665,0.0,3,0,ice_patch
13.339999999998046,7.9171031894437975,16.389681055618713,0.37895159390602284,0.0,3,0,ice_patch
13.34999999999804,7.907298446993762,17.370155300622304,0.3409826851586898,0.0,3,0,ice_patch
13.359999999998035,7.897512212189418,18.348778781056648,0.3029914375034627,0.0,3,0,ice_patch
13.36999999999803,7.8878399003737325,19.31600996262524,0.2653498217537339,0.0,3,0,ice_patch
13.379999999998024,7.8784174893283785,20.258251067160753,0.22859186779827276,0.0,3,0,ice_patch
13.389999999998018,7.8694225187994356,21.15774812005515,0.19341928574132564,0.0,3,0,ice_patch
13.399999999998013,7.861059755586879,21.994024441310774,0.16064658741413762,0.0,3,0,ice_patch
13.409999999998007,7.85352646862892,22.747353137106767,0.1310647556366599,0.0,3,0,ice_patch
13.419999999998002,7.846966133553026,23.403386644696198,0.10525725816662655,0.0,3,0,ice_patch
13.429999999997996,7.841434152076015,23.95658479239719,0.08346160940261042,0.0,3,0,ice_patch
13.43999999999799,7.832708540093237,3.9958126573418147,0.8469566700884449,100.0,2,0,ice_patch
13.449999999997985,7.824292258032227,4.837440863442734,0.814522232660338,0.0,3,0,ice_patch
13.45999999999798,7.815784273418841,5.6882393247812555,0.781663395797909,0.0,3,0,ice_patch
13.469999999997974,7.807179464505592,6.548720216106187,0.748357768158943,0.0,3,0,ice_patch
13.479999999997968,7.798472506123724,7.419416054292925,0.7145819499215961,0.0,3,0,ice_patch
13.489999999997963,7.7896579610733205,8.30087055933329,0.6803118724539146,0.0,3,0,ice_patch
13.499999999997957,7.780730437143563,9.193622952308894,0.6455233980956153,0.0,3,0,ice_patch
13.509999999997952,7.771684846443684,10.09818202229696,0.6101933278888215,0.0,3,0,ice_patch
13.519999999997946,7.7625168240145985,11.014984265205335,0.574301047652662,0.0,3,0,ice_patch
13.52999999999794,7.753223394138373,11.944327252827932,0.5378311711542529,0.0,3,0,ice_patch
13.539999999997935,7.743804020792485,12.886264587416786,0.5007777358718062,0.0,3,0,ice_patch
13.54999999999793,7.73426224972317,13.840441694348234,0.4631507991013511,0.0,3,0,ice_patch
13.559999999997924,7.724608247705084,14.805841896157009,0.4249866884619411,0.0,3,0,ice_patch
13.569999999997918,7.714862660108399,15.780400655825346,0.38636364569047477,0.0,3,0,ice_patch
13.579999999997913,7.705062286623221,16.76043800434311,0.3474249507324184,0.0,3,0,ice_patch
13.589999999997907,7.695267947688465,17.739871897818702,0.30841114233790357,0.0,3,0,ice_patch
13.599999999997902,7.685574180743071,18.70924859235811,0.2697000320716743,0.0,3,0,ice_patch
13.609999999997896,7.676118389567158,19.65482770994938,0.23184505322392462,0.0,3,0,ice_patch
13.61999999999789,7.667083355469665,20.558331119698774,0.1955872852862929,0.0,3,0,ice_patch
13.629999999997885,7.658683446101322,21.398322056533015,0.16180154694502094,0.0,3,0,ice_patch
13.63999999999788,7.651127822945671,22.15388437209799,0.13134828414477667,0.0,3,0,ice_patch
13.649999999997874,7.64456943778545,22.8097228881201,0.10486562753776896,0.0,3,0,ice_patch
13.659999999997869,7.639066533616158,23.360013305049154,0.0826099025744028,0.0,3,0,ice_patch
13.669999999997863,7.6303600544917165,3.3973278841599206,0.8664285357480593,100.0,2,0,ice_patch
13.679999999997857,7.62199592923825,4.2337404095065745,0.8333609549724714,0.0,3,0,ice_patch
13.689999999997852,7.613540546284254,5.079278704906372,0.7998587382297996,0.0,3,0,ice_patch
13.699999999997846,7.6049886490711796,5.9344684262138205,0.7658983320005895,0.0,3,0,ice_patch
13.70999999999784,7.596334726879639,6.799860645367921,0.7314549362349737,0.0,3,0,ice_patch
13.719999999997835,7.587573088988646,7.6760244344671795,0.6965027811485507,0.0,3,0,ice_patch
13.72999999999783,7.57869799833463,8.56353349986878,0.6610156453621495,0.0,3,0,ice_patch
13.739999999997824,7.5697038991711345,9.462943416218303,0.6249677579625879,0.0,3,0,ice_patch
13.749999999997819,7.560585792921193,10.374754041212466,0.5883353092457684,0.0,3,0,ice_patch
13.759999999997813,7.551339847401034,11.299348593228313,0.5510989246318755,0.0,3,0,ice_patch
13.769999999997808,7.54196437285454,12.23689604787773,0.5132476589817323,0.0,3,0,ice_patch
13.779999999997802,7.532461371560238,13.187196177307893,0.4747853778408547,0.0,3,0,ice_patch
13.789999999997796,7.5228389733503285,14.149435998298813,0.43574084005693,0.0,3,0,ice_patch
13.799999999997791,7.513115204082089,15.121812925122773,0.3961833734331668,0.0,3,0,ice_patch
13.809999999997785,7.503323655149544,16.10096781837736,0.3562465691856207,0.0,3,0,ice_patch
13.81999999999778,7.493521574416739,17.08117589165781,0.31616227208951503,0.0,3,0,ice_patch
13.829999999997774,7.483800277293607,18.053305603971054,0.2763046205784209,0.0,3,0,ice_patch
13.839999999997769,7.474295807613077,19.00375257202397,0.23723573185313226,0.0,3,0,ice_patch
13.849999999997763,7.465193738714069,19.913959461924737,0.19972768990634185,0.0,3,0,ice_patch
13.859999999997758,7.456717345951878,20.761598738143764,0.16471560708621172,0.0,3,0,ice_patch
13.869999999997752,7.449090044040146,21.524328929317072,0.13314262002223146,0.0,3,0,ice_patch
13.879999999997747,7.442479426854985,22.185390647833025,0.10572581896105918,0.0,3,0,ice_patch
13.889999999997741,7.436952439118658,22.738089421465634,0.08276583959866132,0.0,3,0,ice_patch
13.899999999997736,7.428259284813457,2.7740715186524385,0.8879654810519136,100.0,2,0,ice_patch
13.90999999999773,7.4199514058640395,3.6048594135940863,0.8542500125777721,0.0,3,0,ice_patch
13.919999999997724,7.411552979296565,4.4447020703414575,0.820090253037766,0.0,3,0,ice_patch
13.929999999997719,7.403058638139237,5.294136186074131,0.7854615323942045,0.0,3,0,ice_patch
13.939999999997713,7.394462711871553,6.153728812842666,0.7503376897297865,0.0,3,0,ice_patch
13.949999999997708,7.385759282444157,7.024071755582068,0.7146912800579007,0.0,3,0,ice_patch
13.959999999997702,7.376942292824579,7.905770717539731,0.6784939991236124,0.0,3,0,ice_patch
13.969999999997697,7.3680057397876215,8.799426021235606,0.641717460653502,0.0,3,0,ice_patch
13.979999999997691,7.358944001341269,9.705599865870822,0.6043345404951372,0.0,3,0,ice_patch
13.989999999997686,7.349752378994968,10.624762100500806,0.5663216302008119,0.0,3,0,ice_patch
13.99999999999768,7.340427982391052,11.557201760892566,0.5276623465845399,0.0,3,0,ice_patch
14.009999999997675,7.330971157567762,12.502884243221494,0.4883535629390071,0.0,3,0,ice_patch
14.019999999997669,7.321387770492734,13.461222950724185,0.44841510765308495,0.0,3,0,ice_patch
14.029999999997663,7.311692808384247,14.430719161572883,0.407905137438543,0.0,3,0,ice_patch
14.039999999997658,7.301915924463653,15.408407553632268,0.36694392075882226,0.0,3,0,ice_patch
14.049999999997652,7.292109595985801,16.38904040141762,0.32574900915753324,0.0,3,0,ice_patch
14.059999999997647,7.282360103728407,17.363989627157018,0.28468287561334515,0.0,3,0,ice_patch
14.069999999997641,7.272799735135916,18.320026486406217,0.24430643684991357,0.0,3,0,ice_patch
14.079999999997636,7.263614404497936,19.23855955020416,0.2054137866284242,0.0,3,0,ice_patch
14.08999999999763,7.2550350591887,20.096494081127766,0.1689980578794719,0.0,3,0,ice_patch
14.099999999997625,7.247300825458667,20.869917454131073,0.13609557723263443,0.0,3,0,ice_patch
14.10999999999762,7.2405982453131,21.540175468687817,0.10752503844702532,0.0,3,0,ice_patch
14.119999999997614,7.235008191270744,22.099180872923363,0.08365628806391577,0.0,3,0,ice_patch
14.129999999997608,7.226325014828785,2.134165183785771,0.9114003931705388,100.0,2,0,ice_patch
14.139999999997602,7.2180766149847795,2.9590051681864313,0.8770168844407865,0.0,3,0,ice_patch
14.149999999997597,7.2097386031293755,3.7928063537269705,0.842179866878362,0.0,3,0,ice_patch
14.159999999997591,7.201305527115287,4.636113955135883,0.8068636053138121,0.0,3,0,ice_patch
14.169999999997586,7.192771584983784,5.489508168286151,0.7710406300230709,0.0,3,0,ice_patch
14.17999999999758,7.184130662887415,6.353600377922886,0.7346818699688319,0.0,3,0,ice_patch
14.189999999997575,7.1753764181965405,7.229024847010419,0.6977569777937574,0.0,3,0,ice_patch
14.19999999999757,7.166502436364019,8.11642303026263,0.6602349708661833,0.0,3,0,ice_patch
14.209999999997564,7.1575025074712375,9.016415919540885,0.622085388997241,0.0,3,0,ice_patch
14.219999999997558,7.148371096470083,9.929557019656329,0.5832802934128749,0.0,3,0,ice_patch
14.229999999997553,7.1391041265028585,10.85625401637882,0.5437976324195947,0.0,3,0,ice_patch
14.239999999997547,7.129700267089355,11.796639957729186,0.503626820940185,0.0,3,0,ice_patch
14.249999999997542,7.120163031168856,12.75036354977906,0.4627778818842884,0.0,3,0,ice_patch
14.259999999997536,7.110504147616683,13.716251904996287,0.42129622793650706,0.0,3,0,ice_patch
14.26999999999753,7.100748876383273,14.691779028337333,0.37928607457722785,0.0,3,0,ice_patch
14.279999999997525,7.090944071439336,15.672259522731125,0.3369461372912817,0.0,3,0,ice_patch
14.28999999999752,7.081169525706578,16.649714096006846,0.29462015975339223,0.0,3,0,ice_patch
14.299999999997514,7.071551595070762,17.611507159588452,0.2528581490433619,0.0,3,0,ice_patch
14.309999999997508,7.0622739272855615,18.53927393810856,0.2124658093557861,0.0,3,0,ice_patch
14.319999999997503,7.053573229240218,19.409343742642942,0.17448888193933285,0.0,3,0,ice_patch
14.329999999997497,7.045704862969058,20.19618036975891,0.14006416266853486,0.0,3,0,ice_patch
14.339999999997492,7.038878014486104,20.878865218054152,0.11013380931939003,0.0,3,0,ice_patch
14.349999999997486,7.033192651566236,21.447401510040866,0.08516362742041345,0.0,3,0,ice_patch
14.35999999999748,7.024517458195172,1.4815875138138979,0.9367250125308436,100.0,2,0,ice_patch
14.369999999997475,7.016331342215083,2.3001991118227134,0.9016494946019811,0.0,3,0,ice_patch
14.37999999999747,7.008056755859886,3.127657747342384,0.8661116259627686,0.0,3,0,ice_patch
14.389999999997464,6.999688187842834,3.964514549047603,0.8300846648026451,0.0,3,0,ice_patch
14.399999999997458,6.991219735026791,4.811359830651844,0.7935398966272054,0.0,3,0,ice_patch
14.409999999997453,6.982645122883596,5.668821044971224,0.7564466926841246,0.0,3,0,ice_patch
14.419999999997447,6.97395776373279,6.537556960051794,0.7187727321471795,0.0,3,0,ice_patch
14.429999999997442,6.965150877990341,7.418245534296721,0.6804845007275516,0.0,3,0,ice_patch
14.439999999997436,6.95621771946589,8.311561386741811,0.641548249842014,0.0,3,0,ice_patch
14.44999999999743,6.9471519716844705,9.218136164883733,0.6019317181002181,0.0,3,0,ice_patch
14.459999999997425,6.937948424789311,10.138490854399697,0.5616071106189762,0.0,3,0,ice_patch
14.46999999999742,6.928604112030205,11.072922130310266,0.520556148773853,0.0,3,0,ice_patch
14.479999999997414,6.919120195842668,12.021313749063825,0.4787785119145584,0.0,3,0,ice_patch
14.489999999997409,6.909505062618573,12.982827071473329,0.43630577210027777,0.0,3,0,ice_patch
14.499999999997403,6.899779315319616,13.955401801369037,0.39322399324930063,0.0,3,0,ice_patch
14.509999999997397,6.889983578190054,14.934975514325268,0.3497092404573522,0.0,3,0,ice_patch
14.519999999997392,6.8801899604953265,15.91433728379798,0.3060800337559754,0.0,3,0,ice_patch
14.529999999997386,6.870516844951709,16.88164883815977,0.2628655506216828,0.0,3,0,ice_patch
14.53999999999738,6.86114277238457,17.819056094873837,0.22087077826479,0.0,3,0,ice_patch
14.549999999997375,6.852307516289449,18.70258170438597,0.18118465962338381,0.0,3,0,ice_patch
14.55999999999737,6.8442821496811375,19.505118365217157,0.1450475913185784,0.0,3,0,ice_patch
14.569999999997364,6.83730165119527,20.20316821380378,0.11354642908265092,0.0,3,0,ice_patch
14.579999999997359,6.831490587528447,20.784274580486226,0.08727351750597671,0.0,3,0,ice_patch
14.589999999997353,6.8228220514154705,0.817794858450493,0.9640414984171762,100.0,2,0,ice_patch
14.599999999997348,6.81470085440474,1.6299145595235374,0.928247126571813,0.0,3,0,ice_patch
14.609999999997342,6.806492528023629,2.4507471976347763,0.891981933975043,0.0,3,0,ice_patch
14.619999999997336,6.798191528847995,3.2808471151981466,0.855218239971207,0.0,3,0,ice_patch
14.629999999997331,6.789791884535448,4.120811546452889,0.8179261625453415,0.0,3,0,ice_patch
14.639999999997325,6.781287197846241,4.971280215373679,0.7800736023854333,0.0,3,0,ice_patch
14.64999999999732,6.772670681184504,5.832931881547261,0.7416263617651443,0.0,3,0,ice_patch
14.659999999997314,6.763935243464667,6.706475653531048,0.7025484982276761,0.0,3,0,ice_patch
14.669999999997309,6.755073665225395,7.592633477458233,0.6628030786750173,0.0,3,0,ice_patch
14.679999999997303,6.746078921372103,8.492107862787586,0.6223536088845361,0.0,3,0,ice_patch
14.689999999997298,6.736944750033215,9.405524996676343,0.5811665964769874,0.0,3,0,ice_patch
14.699999999997292,6.727666631065604,10.333336893437375,0.5392160108355133,0.0,3,0,ice_patch
14.709999999997287,6.71824344462052,11.275655537945898,0.4964909072932768,0.0,3,0,ice_patch
14.719999999997281,6.7086802500447105,12.231974995526803,0.45300828748939337,0.0,3,0,ice_patch
14.729999999997275,6.698992874893291,13.20071251066884,0.4088344580805761,0.0,3,0,ice_patch
14.73999999999727,6.689215302083501,14.178469791647824,0.3641195946900544,0.0,3,0,ice_patch
14.749999999997264,6.679410974948454,15.158902505152476,0.31915092983467197,0.0,3,0,ice_patch
14.759999999997259,6.669688373538946,16.131162646103355,0.2744265514667155,0.0,3,0,ice_patch
14.769999999997253,6.660217843917376,17.078215608260315,0.23073617071591176,0.0,3,0,ice_patch
14.779999999997248,6.651238658535784,17.976134146419554,0.18919760351629672,0.0,3,0,ice_patch
14.789999999997242,6.643035788505389,18.796421149459064,0.1511521954172076,0.0,3,0,ice_patch
14.799999999997237,6.635872428779424,19.512757122055564,0.11785116434292298,0.0,3,0,ice_patch
14.809999999997231,6.6299038018489425,20.10961981510363,0.09004924885205083,0.0,3,0,ice_patch
14.819999999997226,6.621240853942052,0.14258127245933583,0.9935398239270612,100.0,2,0,ice_patch
14.82999999999722,6.6131872052592415,0.9479461407404157,0.9569974607711144,0.0,3,0,ice_patch
14.839999999997215,6.6050479695149615,1.7618697151683889,0.919976218645187,0.0,3,0,ice_patch
14.849999999997209,6.596817599381099,2.584906728554691,0.8824475579498877,0.0,3,0,ice_patch
14.859999999997203,6.5884900870927465,3.417657957389973,0.8443805221433646,0.0,3,0,ice_patch
14.869999999997198,6.5800589533390905,4.260771332755565,0.8057416492935792,0.0,3,0,ice_patch
14.879999999997192,6.5715172597142635,5.114940695238326,0.7664949892198536,0.0,3,0,ice_patch
14.889999999997187,6.562857663116338,5.9809003550308395,0.7266023128014554,0.0,3,0,ice_patch
14.899999999997181,6.554072542818368,6.859412384828062,0.6860236590296395,0.0,3,0,ice_patch
14.909999999997176,6.5451542516851795,7.751241498146819,0.6447184649857056,0.0,3,0,ice_patch
14.91999999999717,6.536095578096803,8.657108856984507,0.6026476929439897,0.0,3,0,ice_patch
14.929999999997165,6.52689056456781,9.577610209883764,0.5597776560613456,0.0,3,0,ice_patch
14.939999999997159,6.517535929110758,10.513073755589017,0.5160867295583867,0.0,3,0,ice_patch
14.949999999997154,6.508033500310247,11.46331663564001,0.4715769378679348,0.0,3,0,ice_patch
14.959999999997148,6.498394334669258,12.427233199738769,0.42629367072545016,0.0,3,0,ice_patch
14.969999999997142,6.488645536649266,13.402113001738057,0.3803585235451665,0.0,3,0,ice_patch
14.979999999997137,6.4788411109755595,14.38255556910866,0.3340218417421728,0.0,3,0,ice_patch
14.989999999997131,6.469077848011439,15.358881865520557,0.28774012805047033,0.0,3,0,ice_patch
14.999999999997126,6.459514611290097,16.31520553765483,0.2422709822899673,0.0,3,0,ice_patch
